   No. ,   SiO2  ,   Al2O3 ,   Na2O  ,   MgO   ,   K2O   ,   MnO   ,   TiO2  ,   F     ,   CaO   ,   FeO   ,  Total  ,Comment  ,Sample,Location,type,   Si,   Al,   Na,   Mg,   K,   Mn   ,   Ti,F,   Ca,   Fe,OH
2,42.88,12.39,1.64,11.59,1.56,0.1026,2.26,0.3896,12.11,14.15,99.0723,mrwy14_amph1_1 ,MRWY14,HM,cumul,6.33,2.16,0.47,2.55,0.29,0.01,0.25,0.18,1.92,1.75,1.82
3,42.99,12.23,1.79,11.63,1.61,0.0864,2.25,0.5345,12.06,13.93,99.111,mrwy14_amph1_2 ,MRWY14,HM,cumul,6.35,2.13,0.51,2.56,0.3,0.01,0.25,0.25,1.91,1.72,1.75
4,43.52,12.36,1.72,11.39,1.66,0.079,2.19,0.4222,12.02,13.87,99.2313,mrwy14_amph1_3 ,MRWY14,HM,cumul,6.4,2.14,0.49,2.5,0.31,0.01,0.24,0.2,1.89,1.71,1.8
5,43.39,11.95,1.76,11.81,1.48,0.0871,2.33,0.364,12.49,13.61,99.2711,mrwy14_amph1_4 ,MRWY14,HM,cumul,6.38,2.07,0.5,2.59,0.28,0.01,0.26,0.17,1.97,1.67,1.83
6,43.73,11.71,1.62,12.36,1.41,0.1091,2.13,0.4257,12.66,13,99.1549,mrwy14_amph1_5 ,MRWY14,HM,cumul,6.41,2.02,0.46,2.7,0.26,0.01,0.24,0.2,1.99,1.59,1.8
7,44.34,12.48,1.74,11.91,1.64,0.1096,1.79,0.3399,11.84,13.04,99.2296,mrwy14_amph1_6 ,MRWY14,HM,cumul,6.47,2.15,0.49,2.59,0.31,0.01,0.2,0.16,1.85,1.59,1.84
8,40.89,12.04,1.61,11.57,1.31,0.1062,2.41,0.3262,12.6,16.77,99.6325,mrwy14_amph1_7 ,MRWY14,HM,cumul,6.11,2.12,0.47,2.58,0.25,0.01,0.27,0.15,2.02,2.1,1.85
9,43.19,12.83,1.74,11.65,1.61,0.1072,2.1,0.4076,12.02,13.77,99.4249,mrwy14_amph2_1 ,MRWY14,HM,cumul,6.34,2.22,0.49,2.55,0.3,0.01,0.23,0.19,1.89,1.69,1.81
10,42.42,12.39,1.65,11.48,1.46,0.107,2.07,0.4232,12.33,15.49,99.8203,mrwy14_amph2_2 ,MRWY14,HM,cumul,6.26,2.16,0.47,2.53,0.28,0.01,0.23,0.2,1.95,1.91,1.8
11,42.43,12.71,1.86,11.38,1.67,0.0979,2.31,0.3914,11.88,14.36,99.0893,mrwy14_amph2_3 ,MRWY14,HM,cumul,6.28,2.22,0.53,2.51,0.32,0.01,0.26,0.18,1.88,1.78,1.82
12,44.16,12.92,1.98,11.25,1.82,0.0762,2.02,0.4211,11.76,12.83,99.2374,mrwy14_amph2_4 ,MRWY14,HM,cumul,6.45,2.22,0.56,2.45,0.34,0.01,0.22,0.19,1.84,1.57,1.81
13,42.85,12.93,1.79,11.62,1.69,0.0927,2.12,0.4572,12.12,13.96,99.63,mrwy14_amph2_5 ,MRWY14,HM,cumul,6.29,2.24,0.51,2.54,0.32,0.01,0.23,0.21,1.91,1.71,1.79
14,42.65,12.55,1.76,11.78,1.63,0.1037,2.29,0.418,12.25,13.91,99.3417,mrwy14_amph2_6 ,MRWY14,HM,cumul,6.28,2.18,0.5,2.59,0.31,0.01,0.25,0.19,1.93,1.71,1.81
15,43.46,12.88,1.77,10.74,1.67,0.099,2.15,0.3499,12.19,14.23,99.5389,mrwy14_amph2_7 ,MRWY14,HM,cumul,6.38,2.23,0.5,2.35,0.31,0.01,0.24,0.16,1.92,1.75,1.84
16,42.97,12.6,1.71,11.59,1.61,0.0881,2.17,0.3658,12.31,13.9,99.3139,mrwy14_amph2_8 ,MRWY14,HM,cumul,6.32,2.18,0.49,2.54,0.3,0.01,0.24,0.17,1.94,1.71,1.83
17,42.21,12.73,1.77,11.7,1.52,0.1018,2.42,0.4955,12.77,13.98,99.6973,mrwy14_amph2_9 ,MRWY14,HM,cumul,6.22,2.21,0.51,2.57,0.29,0.01,0.27,0.23,2.02,1.72,1.77
18,42.18,12.54,1.83,11.96,1.62,0.1195,2.19,0.5328,12.2,14.05,99.2224,mrwy14_amph2_10 ,MRWY14,HM,cumul,6.24,2.19,0.53,2.64,0.31,0.01,0.24,0.25,1.93,1.74,1.75
19,43,12.62,1.76,11.75,1.66,0.1166,2.04,0.4375,12.01,13.75,99.1442,mrwy14_amph2_11 ,MRWY14,HM,cumul,6.33,2.19,0.5,2.58,0.31,0.01,0.23,0.2,1.9,1.69,1.8
20,43.79,12.16,1.81,12.12,1.57,0.0972,1.99,0.434,12.33,13.53,99.8313,mrwy14_amph2_12 ,MRWY14,HM,cumul,6.39,2.09,0.51,2.64,0.29,0.01,0.22,0.2,1.93,1.65,1.8
21,43.05,12.86,1.73,11.49,1.74,0.0816,1.99,0.4314,12.03,13.47,98.873,mrwy14_amph2_13 ,MRWY14,HM,cumul,6.35,2.24,0.49,2.53,0.33,0.01,0.22,0.2,1.9,1.66,1.8
22,42.89,12.68,1.73,11.56,1.65,0.0886,2.28,0.4541,12.02,13.88,99.2328,mrwy14_amph2_14 ,MRWY14,HM,cumul,6.32,2.2,0.49,2.54,0.31,0.01,0.25,0.21,1.9,1.71,1.79
23,40.46,13.82,2.21,11.97,1.37,0.0886,3.02,0.386,11.35,14.11,98.7847,mrwy14_amph2_15 ,MRWY14,HM,cumul,6.01,2.42,0.64,2.65,0.26,0.01,0.34,0.18,1.81,1.75,1.82
24,43.41,12.5,1.63,11.89,1.62,0.1019,1.78,0.4461,12.2,13.59,99.1681,mrwy14_amph3_1 ,MRWY14,HM,cumul,6.38,2.17,0.46,2.61,0.3,0.01,0.2,0.21,1.92,1.67,1.79
25,43.59,11.81,1.64,12.49,1.49,0.0772,2.12,0.4981,12.21,13.4,99.3254,mrwy14_amph3_2 ,MRWY14,HM,cumul,6.4,2.04,0.47,2.73,0.28,0.01,0.23,0.23,1.92,1.64,1.77
26,45.47,13.14,1.83,10.28,1.89,0.1074,2.1,0.3318,12.25,11.9,99.2993,mrwy14_amph3_3 ,MRWY14,HM,cumul,6.59,2.24,0.51,2.22,0.35,0.01,0.23,0.15,1.9,1.44,1.85
27,42.82,12.61,1.78,11.69,1.65,0.1175,2.13,0.4326,12.1,13.93,99.2602,mrwy14_amph3_4 ,MRWY14,HM,cumul,6.31,2.19,0.51,2.57,0.31,0.01,0.24,0.2,1.91,1.72,1.8
28,42.82,12.55,1.65,11.58,1.66,0.0921,2.05,0.3671,12.22,14.22,99.2093,mrwy14_amph3_5 ,MRWY14,HM,cumul,6.32,2.18,0.47,2.55,0.31,0.01,0.23,0.17,1.93,1.75,1.83
29,43.02,12.89,2.05,11.03,1.67,0.0939,2.14,0.3549,12.03,13.86,99.1388,mrwy14_amph3_6 ,MRWY14,HM,cumul,6.34,2.24,0.59,2.42,0.31,0.01,0.24,0.17,1.9,1.71,1.83
30,42.75,12.4,1.88,11.92,1.61,0.0771,1.84,0.4653,12.18,14.02,99.1425,mrwy14_amph3_7 ,MRWY14,HM,cumul,6.32,2.16,0.54,2.63,0.3,0.01,0.2,0.22,1.93,1.73,1.78
31,43.72,12.77,1.66,11.24,1.7,0.0812,1.85,0.3366,12.08,13.95,99.3878,mrwy14_amph3_8 ,MRWY14,HM,cumul,6.41,2.21,0.47,2.46,0.32,0.01,0.2,0.16,1.9,1.71,1.84
32,43.3,12.25,1.61,12,1.59,0.0921,2.02,0.4015,12.12,13.61,98.9937,mrwy14_amph3_9 ,MRWY14,HM,cumul,6.38,2.13,0.46,2.63,0.3,0.01,0.22,0.19,1.91,1.68,1.81
33,41.99,12.53,1.58,11.84,1.45,0.0728,2.12,0.4446,12.84,15.17,100.0373,mrwy14_amph3_10 ,MRWY14,HM,cumul,6.19,2.18,0.45,2.6,0.27,0.01,0.24,0.21,2.03,1.87,1.79
34,42.76,12.59,1.67,11.55,1.61,0.0977,2.39,0.4155,12.55,13.93,99.5633,mrwy14_amph3_11 ,MRWY14,HM,cumul,6.29,2.18,0.48,2.53,0.3,0.01,0.26,0.19,1.98,1.71,1.81
35,43.29,13.11,1.71,11.82,1.64,0.081,1.97,0.392,12.4,13.4,99.8131,mrwy14_amph4_1 ,MRWY14,HM,cumul,6.32,2.25,0.48,2.57,0.31,0.01,0.22,0.18,1.94,1.64,1.82
36,42.99,12.66,1.81,11.7,1.64,0.0987,2.18,0.4237,12.14,14.01,99.6525,mrwy14_amph4_2 ,MRWY14,HM,cumul,6.31,2.19,0.52,2.56,0.31,0.01,0.24,0.2,1.91,1.72,1.8
37,42.95,12.31,1.74,12.1,1.56,0.0976,2.24,0.4381,12.38,13.57,99.3858,mrwy14_amph4_3 ,MRWY14,HM,cumul,6.31,2.13,0.5,2.65,0.29,0.01,0.25,0.2,1.95,1.67,1.8
38,44.28,12.34,1.69,10.63,1.65,0.112,2.21,0.3352,12.33,13.78,99.3572,mrwy14_amph4_4 ,MRWY14,HM,cumul,6.48,2.13,0.48,2.32,0.31,0.01,0.24,0.16,1.93,1.69,1.84
39,42.83,13.26,1.84,11.42,1.69,0.0986,2.17,0.4485,11.83,14.48,100.0671,mrwy14_amph4_5 ,MRWY14,HM,cumul,6.27,2.29,0.52,2.49,0.32,0.01,0.24,0.21,1.86,1.77,1.79
40,43.18,12.87,1.84,11.27,1.75,0.0805,2.37,0.4161,11.84,13.72,99.3367,mrwy14_amph4_6 ,MRWY14,HM,cumul,6.34,2.23,0.52,2.47,0.33,0.01,0.26,0.19,1.86,1.69,1.81
41,43.55,12.32,1.76,11.77,1.63,0.091,2.42,0.4124,12.48,12.87,99.3035,mrwy14_amph4_7 ,MRWY14,HM,cumul,6.38,2.13,0.5,2.57,0.3,0.01,0.27,0.19,1.96,1.58,1.81
42,43.1,12.57,1.84,11.71,1.62,0.0805,2.05,0.4062,12.07,13.75,99.1968,mrwy14_amph4_8 ,MRWY14,HM,cumul,6.34,2.18,0.53,2.57,0.3,0.01,0.23,0.19,1.9,1.69,1.81
43,42.43,12.29,2.66,11.61,1.64,0.0804,2.58,0.3868,11.79,13.72,99.1873,mrwy14_amph4_9 ,MRWY14,HM,cumul,6.27,2.14,0.76,2.56,0.31,0.01,0.29,0.18,1.87,1.7,1.82
44,42.83,12.6,1.94,12.14,1.62,0.0743,2.06,0.4509,12.04,13.94,99.6953,mrwy14_amph4_10 ,MRWY14,HM,cumul,6.29,2.18,0.55,2.66,0.3,0.01,0.23,0.21,1.89,1.71,1.79
45,43.51,12.24,1.68,12.47,1.54,0.0797,1.82,0.4802,12.15,13.59,99.56,mrwy14_amph4_11 ,MRWY14,HM,cumul,6.37,2.11,0.48,2.72,0.29,0.01,0.2,0.22,1.91,1.66,1.78
46,43.1,12.13,1.76,11.99,1.56,0.0914,2.25,0.4023,12.14,14.2,99.6237,mrwy14_amph4_12 ,MRWY14,HM,cumul,6.33,2.1,0.5,2.63,0.29,0.01,0.25,0.19,1.91,1.74,1.81
47,43.66,12.18,2,11.89,1.57,0.0932,2.18,0.3745,12.15,13.53,99.6278,mrwy14_amph4_13 ,MRWY14,HM,cumul,6.39,2.1,0.57,2.59,0.29,0.01,0.24,0.17,1.9,1.66,1.83
48,43.15,12.09,1.73,12.12,1.54,0.1135,2.07,0.4488,11.91,13.82,98.9924,mrwy14_amph4_14 ,MRWY14,HM,cumul,6.36,2.1,0.49,2.67,0.29,0.01,0.23,0.21,1.88,1.7,1.79
49,43.08,12.84,2.01,12.1,1.5,0.1135,2.26,0.419,12.49,12.95,99.7626,mrwy14_amph4_15 ,MRWY14,HM,cumul,6.29,2.21,0.57,2.63,0.28,0.01,0.25,0.19,1.95,1.58,1.81
50,43.23,12.46,1.87,11.5,1.55,0.0981,2.44,0.4059,12.34,13.82,99.7141,mrwy14_amph4_16 ,MRWY14,HM,cumul,6.33,2.15,0.53,2.51,0.29,0.01,0.27,0.19,1.94,1.69,1.81
51,42.95,13.02,1.71,11.56,1.57,0.0899,2.36,0.4893,12.57,13.48,99.7992,mrwy14_amph5_1 ,MRWY14,HM,cumul,6.28,2.25,0.49,2.52,0.29,0.01,0.26,0.23,1.97,1.65,1.77
52,43.1,12.27,1.7,11.24,1.58,0.1068,2.48,0.351,12.39,14.65,99.8679,mrwy14_amph5_2 ,MRWY14,HM,cumul,6.33,2.12,0.48,2.46,0.3,0.01,0.27,0.16,1.95,1.8,1.84
53,43.21,12.52,1.75,11.62,1.6,0.1234,2.48,0.3514,12.16,13.88,99.6949,mrwy14_amph5_3 ,MRWY14,HM,cumul,6.33,2.16,0.5,2.54,0.3,0.02,0.27,0.16,1.91,1.7,1.84
54,43.48,12.75,1.74,12.12,1.64,0.1035,1.83,0.4982,11.96,13.59,99.7118,mrwy14_amph5_4 ,MRWY14,HM,cumul,6.36,2.2,0.49,2.64,0.31,0.01,0.2,0.23,1.87,1.66,1.77
55,42.36,12.4,1.81,12.04,1.58,0.0916,2.58,0.4368,11.97,14.11,99.3785,mrwy14_amph5_5 ,MRWY14,HM,cumul,6.25,2.16,0.52,2.65,0.3,0.01,0.29,0.2,1.89,1.74,1.8
56,46.39,12.47,1.85,10.6,1.91,0.0878,2.23,0.3224,11.83,11.52,99.2103,mrwy14_amph5_6 ,MRWY14,HM,cumul,6.69,2.12,0.52,2.28,0.35,0.01,0.24,0.15,1.83,1.39,1.85
57,42.73,12.5,1.82,12.08,1.6,0.0817,2.51,0.3953,12.15,14.22,100.087,mrwy14_amph5_7 ,MRWY14,HM,cumul,6.26,2.16,0.52,2.64,0.3,0.01,0.28,0.18,1.91,1.74,1.82
58,43.72,12.44,1.62,11.69,1.51,0.0947,2.28,0.3857,12.78,13.28,99.8005,mrwy14_amph5_8 ,MRWY14,HM,cumul,6.38,2.14,0.46,2.54,0.28,0.01,0.25,0.18,2,1.62,1.82
59,43.21,12.44,1.77,11.32,1.61,0.1117,2.34,0.3608,12.16,14.19,99.5126,mrwy14_amph5_9 ,MRWY14,HM,cumul,6.35,2.15,0.5,2.48,0.3,0.01,0.26,0.17,1.91,1.74,1.83
60,42.97,12.7,1.84,11.54,1.61,0.1587,2.41,0.437,11.94,14.11,99.7158,mrwy14_amph5_10 ,MRWY14,HM,cumul,6.3,2.2,0.52,2.52,0.3,0.02,0.27,0.2,1.88,1.73,1.8
61,44.03,12.81,1.71,10.49,1.8,0.0927,1.95,0.3578,11.88,14.39,99.5106,mrwy14_amph5_11 ,MRWY14,HM,cumul,6.45,2.21,0.49,2.29,0.34,0.01,0.22,0.17,1.87,1.76,1.83
62,42.4,12.47,1.86,11.48,1.59,0.1015,2.77,0.4268,11.89,14.53,99.5184,mrwy14_amph5_12 ,MRWY14,HM,cumul,6.25,2.17,0.53,2.52,0.3,0.01,0.31,0.2,1.88,1.79,1.8
63,42.81,12.71,2.01,11.73,1.65,0.1163,2.21,0.3929,12.06,14.48,100.1691,mrwy14_amph5_13 ,MRWY14,HM,cumul,6.27,2.19,0.57,2.56,0.31,0.01,0.24,0.18,1.89,1.77,1.82
64,43.13,13.03,1.84,11.64,1.78,0.0762,2.14,0.4592,12.06,13.73,99.8854,mrwy14_amph5_14 ,MRWY14,HM,cumul,6.31,2.25,0.52,2.54,0.33,0.01,0.24,0.21,1.89,1.68,1.79
65,40.43,13.1,2.55,11.76,1.1621,0.1579,5.01,0.3618,11.15,14.17,99.8519,mrwy14_amph6_1 ,MRWY14,HM,cumul,5.95,2.27,0.73,2.58,0.22,0.02,0.55,0.17,1.76,1.74,1.83
66,48.74,14.38,2.61,8.14,1.57,0.1713,3.03,0.0876,8.22,13.27,100.2188,mrwy14_amph6_2 ,MRWY14,HM,cumul,6.87,2.39,0.71,1.71,0.28,0.02,0.32,0.04,1.24,1.56,1.96
67,42.7,12.7,1.62,11.91,1.64,0.101,1.98,0.404,12.17,13.76,98.9851,mrwy14_amph6_3 ,MRWY14,HM,cumul,6.3,2.21,0.46,2.62,0.31,0.01,0.22,0.19,1.92,1.7,1.81
68,42.1,12.97,2.03,12.03,1.32,0.1121,2.36,0.4524,11.93,13.9,99.2046,mrwy14_amph6_4 ,MRWY14,HM,cumul,6.21,2.25,0.58,2.65,0.25,0.01,0.26,0.21,1.89,1.71,1.79
69,42.7,12.71,1.87,11.88,1.57,0.1115,2.14,0.4669,12.15,14.03,99.6285,mrwy14_amph6_5 ,MRWY14,HM,cumul,6.28,2.2,0.53,2.6,0.29,0.01,0.24,0.22,1.91,1.72,1.78
70,43.56,12.69,1.57,11.94,1.64,0.1048,1.84,0.3638,12.47,13.69,99.8687,mrwy14_amph6_6 ,MRWY14,HM,cumul,6.36,2.18,0.44,2.6,0.31,0.01,0.2,0.17,1.95,1.67,1.83
71,42.75,13.3,1.76,11.57,1.61,0.1301,2.14,0.3483,12,13.95,99.5584,mrwy14_amph6_7 ,MRWY14,HM,cumul,6.27,2.3,0.5,2.53,0.3,0.02,0.24,0.16,1.89,1.71,1.84
72,43.21,12.8,1.74,12.07,1.65,0.0905,1.86,0.4442,12.01,13.82,99.6948,mrwy14_amph6_8 ,MRWY14,HM,cumul,6.33,2.21,0.49,2.63,0.31,0.01,0.2,0.21,1.88,1.69,1.79
73,43.08,12.75,1.78,12.22,1.72,0.0747,1.74,0.5375,12.21,13.88,99.9922,mrwy14_amph6_9 ,MRWY14,HM,cumul,6.31,2.2,0.51,2.67,0.32,0.01,0.19,0.25,1.92,1.7,1.75
1,53.23,0.6956,4.21,19.92,4.56,0.0472,5.25,1.82,6.11,3.05,98.8929,mrwy249_amph1_1 ,MRWY249,EH,lava+xeno,7.58,0.12,1.16,4.23,0.83,0.01,0.56,0.82,0.93,0.36,1.18
2,52.68,0.8747,4.13,19.81,4.58,0.0761,5.59,1.82,6.16,3.23,98.9509,mrwy249_amph1_2 ,MRWY249,EH,lava+xeno,7.52,0.15,1.14,4.22,0.83,0.01,0.6,0.82,0.94,0.39,1.18
3,52.79,0.9814,4.12,19.37,4.72,0.0668,5.89,1.77,6.01,3.43,99.1483,mrwy249_amph1_3 ,MRWY249,EH,lava+xeno,7.52,0.16,1.14,4.11,0.86,0.01,0.63,0.8,0.92,0.41,1.2
4,51.98,0.4977,4.28,16.43,4.64,0.0831,7.57,0.9092,5.22,5.47,97.0801,mrwy249_amph1_4 ,MRWY249,EH,lava+xeno,7.56,0.09,1.21,3.56,0.86,0.01,0.83,0.42,0.81,0.67,1.58
5,52.55,0.8014,4.1,18.97,4.64,0.074,6.19,1.56,5.89,3.74,98.5154,mrwy249_amph1_5 ,MRWY249,EH,lava+xeno,7.53,0.14,1.14,4.05,0.85,0.01,0.67,0.71,0.9,0.45,1.29
6,53.56,0.663,4.18,19.92,4.64,0.0631,5.22,1.8,6.16,3.08,99.2862,mrwy249_amph1_6 ,MRWY249,EH,lava+xeno,7.6,0.11,1.15,4.21,0.84,0.01,0.56,0.81,0.94,0.37,1.19
7,52.65,0.8448,4.12,19.41,4.57,0.0651,5.78,1.75,6.11,3.42,98.72,mrwy249_amph1_7 ,MRWY249,EH,lava+xeno,7.53,0.14,1.14,4.14,0.83,0.01,0.62,0.79,0.94,0.41,1.21
8,52.49,1.0425,4.08,19.67,4.43,0.072,5.63,1.81,6.28,3.17,98.6746,mrwy249_amph1_8 ,MRWY249,EH,lava+xeno,7.51,0.18,1.13,4.19,0.81,0.01,0.61,0.82,0.96,0.38,1.18
9,52.27,1.1597,3.98,20,4.41,0.0579,5.19,2.03,6.43,2.95,98.4777,mrwy249_amph2_9 ,MRWY249,EH,lava+xeno,7.5,0.2,1.11,4.28,0.81,0.01,0.56,0.92,0.99,0.35,1.08
10,52.99,0.9072,4.04,20.49,4.49,0.0575,4.71,2.34,6.35,2.7,99.0748,mrwy249_amph2_10 ,MRWY249,EH,lava+xeno,7.56,0.15,1.12,4.36,0.82,0.01,0.51,1.06,0.97,0.32,0.94
11,54.68,12.68,1.1768,5.31,17.5,0.0182,1.2743,0.5443,2.12,3.54,98.8437,mrwy249_amph2_11 ,MRWY249,EH,lava+xeno,7.9,2.16,0.33,1.14,3.23,0,0.14,0.25,0.33,0.43,1.75
12,53.36,0.7277,4.13,20.31,4.54,0.0456,4.67,2.04,6.21,2.84,98.8733,mrwy249_amph2_12 ,MRWY249,EH,lava+xeno,7.61,0.12,1.14,4.32,0.83,0.01,0.5,0.92,0.95,0.34,1.08
13,51.27,0.9685,3.99,18.18,4.52,0.0907,6.27,1.48,6.55,4.24,97.5592,mrwy249_amph3_1 ,MRWY249,EH,lava+xeno,7.45,0.17,1.12,3.94,0.84,0.01,0.69,0.68,1.02,0.52,1.32
14,52.32,0.7638,4.14,18.81,4.7,0.0736,6.18,1.42,5.83,4.12,98.3575,mrwy249_amph3_2 ,MRWY249,EH,lava+xeno,7.52,0.13,1.15,4.03,0.86,0.01,0.67,0.65,0.9,0.5,1.35
15,54.16,0.3133,0.8205,17.84,0.8754,0.1194,1.4238,0.237,19.82,2.95,98.5594,mrwy249_amph3_3 ,MRWY249,EH,lava+xeno,7.65,0.05,0.22,3.76,0.16,0.01,0.15,0.11,3,0.35,1.89
16,52.59,0.6168,4.26,18.85,4.69,0.0727,6.38,1.34,5.6,3.78,98.1796,mrwy249_amph4_1 ,MRWY249,EH,lava+xeno,7.54,0.1,1.18,4.03,0.86,0.01,0.69,0.61,0.86,0.45,1.39
17,52.78,0.753,4.15,19.62,4.63,0.0498,5.53,1.86,5.94,3.32,98.6329,mrwy249_amph4_2 ,MRWY249,EH,lava+xeno,7.56,0.13,1.15,4.19,0.85,0.01,0.6,0.84,0.91,0.4,1.16
18,53.33,0.6286,4.13,20.02,4.59,0.0724,4.97,1.88,5.98,3.1,98.7011,mrwy249_amph4_3 ,MRWY249,EH,lava+xeno,7.61,0.11,1.14,4.26,0.84,0.01,0.53,0.85,0.91,0.37,1.15
19,53.21,0.8014,4.14,20.01,4.58,0.0762,4.78,1.89,6.15,3.02,98.6577,mrwy249_amph4_4 ,MRWY249,EH,lava+xeno,7.6,0.13,1.15,4.26,0.83,0.01,0.51,0.85,0.94,0.36,1.15
20,52.76,0.7293,4.12,19.26,4.63,0.0863,5.62,1.49,5.83,3.56,98.0857,mrwy249_amph4_5 ,MRWY249,EH,lava+xeno,7.57,0.12,1.15,4.12,0.85,0.01,0.61,0.68,0.9,0.43,1.32
21,53.15,0.6645,4.23,20.16,4.58,0.0455,4.73,1.99,6.02,2.84,98.41,mrwy249_amph4_6 ,MRWY249,EH,lava+xeno,7.62,0.11,1.18,4.31,0.84,0.01,0.51,0.9,0.92,0.34,1.1
22,53.02,0.7804,4.14,19.99,4.55,0.0187,4.71,1.92,6.12,2.94,98.1892,mrwy249_amph4_7 ,MRWY249,EH,lava+xeno,7.61,0.13,1.15,4.28,0.83,0,0.51,0.87,0.94,0.35,1.13
23,52.26,0.8421,4.16,18.88,4.67,0.0437,6.1,1.45,5.74,3.79,97.9359,mrwy249_amph4_8 ,MRWY249,EH,lava+xeno,7.53,0.14,1.16,4.05,0.86,0.01,0.66,0.66,0.89,0.46,1.34
24,52.67,0.6638,4.22,19.47,4.64,0.0599,5.79,1.5,5.75,3.53,98.2938,mrwy249_amph4_9 ,MRWY249,EH,lava+xeno,7.55,0.11,1.17,4.16,0.85,0.01,0.62,0.68,0.88,0.42,1.32
25,53.18,0.7002,4.16,20.02,4.54,0.039,4.66,1.96,5.94,2.79,97.9893,mrwy249_amph4_10 ,MRWY249,EH,lava+xeno,7.64,0.12,1.16,4.29,0.83,0,0.5,0.89,0.91,0.34,1.11
26,52.7,0.7082,4.2,19.11,4.57,0.0759,5.82,1.44,5.7,3.65,97.9741,mrwy249_amph4_11 ,MRWY249,EH,lava+xeno,7.57,0.12,1.17,4.09,0.84,0.01,0.63,0.65,0.88,0.44,1.35
27,52.46,0.6162,4.17,18.79,4.68,0.0547,6.12,1.38,5.54,3.76,97.571,mrwy249_amph4_12 ,MRWY249,EH,lava+xeno,7.57,0.1,1.17,4.04,0.86,0.01,0.66,0.63,0.86,0.45,1.37
28,53.65,0.6967,4.18,19.94,4.6,0.0599,4.81,1.76,5.92,3.05,98.6667,mrwy249_amph4_13 ,MRWY249,EH,lava+xeno,7.64,0.12,1.15,4.24,0.84,0.01,0.52,0.79,0.9,0.36,1.21
29,53.33,0.4525,4.3,18.95,4.69,0.0661,5.9,1.4,5.45,3.66,98.1987,mrwy249_amph4_14 ,MRWY249,EH,lava+xeno,7.63,0.08,1.19,4.04,0.86,0.01,0.64,0.63,0.84,0.44,1.37
30,53.13,0.6147,4.16,19.37,4.62,0.0471,5.24,1.68,5.79,3.4,98.0519,mrwy249_amph4_15 ,MRWY249,EH,lava+xeno,7.63,0.1,1.16,4.15,0.85,0.01,0.57,0.76,0.89,0.41,1.24
31,52.47,0.807,4.12,19.49,4.57,0.0619,5.56,1.77,5.86,3.25,97.9589,mrwy249_amph5_1 ,MRWY249,EH,lava+xeno,7.55,0.14,1.15,4.18,0.84,0.01,0.6,0.81,0.9,0.39,1.19
32,52.1,0.9474,4.05,18.86,4.54,0.0639,6.36,1.36,5.89,3.77,97.9414,mrwy249_amph5_2 ,MRWY249,EH,lava+xeno,7.49,0.16,1.13,4.04,0.83,0.01,0.69,0.62,0.91,0.45,1.38
33,52.2,0.7749,4.16,19.31,4.58,0.0699,6.07,1.54,5.89,3.38,97.9749,mrwy249_amph5_3 ,MRWY249,EH,lava+xeno,7.51,0.13,1.16,4.14,0.84,0.01,0.66,0.7,0.91,0.41,1.3
34,51.99,1.0748,4.06,18.98,4.52,0.0487,6.02,1.62,6.05,3.47,97.8335,mrwy249_amph5_4 ,MRWY249,EH,lava+xeno,7.5,0.18,1.14,4.08,0.83,0.01,0.65,0.74,0.93,0.42,1.26
35,52.43,0.7051,4.27,18.54,4.6,0.074,6.44,1.26,5.64,3.99,97.9492,mrwy249_amph5_5 ,MRWY249,EH,lava+xeno,7.54,0.12,1.19,3.97,0.84,0.01,0.7,0.57,0.87,0.48,1.43
36,52.25,0.8079,4.09,19.47,4.52,0.0745,5.6,1.77,6.05,3.34,97.9724,mrwy249_amph6_1 ,MRWY249,EH,lava+xeno,7.53,0.14,1.14,4.18,0.83,0.01,0.61,0.81,0.93,0.4,1.19
37,52.1,0.8739,4,19.92,4.51,0.0686,5.5,1.92,6.13,3.15,98.1726,mrwy249_amph6_2 ,MRWY249,EH,lava+xeno,7.5,0.15,1.12,4.28,0.83,0.01,0.6,0.87,0.95,0.38,1.13
38,52.94,0.6595,4.1,19.86,4.63,0.0707,5.27,1.82,5.97,3.15,98.4703,mrwy249_amph6_3 ,MRWY249,EH,lava+xeno,7.58,0.11,1.14,4.24,0.85,0.01,0.57,0.82,0.92,0.38,1.18
39,52.36,0.8376,4.06,19.79,4.52,0.0356,5.3,1.79,6.07,3.07,97.8333,mrwy249_amph6_4 ,MRWY249,EH,lava+xeno,7.55,0.14,1.13,4.25,0.83,0,0.57,0.82,0.94,0.37,1.18
40,52.2,0.8245,4.09,19.51,4.55,0.0521,5.67,1.81,5.97,3.28,97.9567,mrwy249_amph6_5 ,MRWY249,EH,lava+xeno,7.53,0.14,1.14,4.19,0.84,0.01,0.62,0.83,0.92,0.4,1.17
41,52.56,0.9299,4,19.91,4.48,0.0589,5.1,1.86,6.36,2.89,98.1489,mrwy249_amph7_1 ,MRWY249,EH,lava+xeno,7.55,0.16,1.11,4.26,0.82,0.01,0.55,0.84,0.98,0.35,1.16
42,52.54,1.1038,3.93,20.24,4.37,0.0544,4.73,2.05,6.49,2.75,98.2583,mrwy249_amph7_2 ,MRWY249,EH,lava+xeno,7.54,0.19,1.09,4.33,0.8,0.01,0.51,0.93,1,0.33,1.07
43,53.46,0.8208,4.09,20.53,4.45,0.0714,4.32,2.22,6.31,2.68,98.9523,mrwy249_amph7_3 ,MRWY249,EH,lava+xeno,7.62,0.14,1.13,4.36,0.81,0.01,0.46,1,0.96,0.32,1
44,53.36,0.6926,4.13,20.7,4.59,0.0567,4.24,2.27,6.22,2.54,98.7993,mrwy249_amph7_4 ,MRWY249,EH,lava+xeno,7.63,0.12,1.14,4.41,0.84,0.01,0.46,1.03,0.95,0.3,0.97
45,51.98,1.0911,4.12,19.16,4.36,0.0682,6.03,1.62,6.3,3.51,98.2394,mrwy263_amph1_1 ,MRWY263,EH,lava+xeno,7.47,0.18,1.15,4.1,0.8,0.01,0.65,0.74,0.97,0.42,1.26
46,51.8,1.1542,4.1,19.09,4.37,0.0732,6,1.64,6.32,3.45,97.9974,mrwy263_amph1_2 ,MRWY263,EH,lava+xeno,7.46,0.2,1.15,4.1,0.8,0.01,0.65,0.75,0.98,0.42,1.25
47,52.69,0.9031,3.97,19.4,4.54,0.0442,5.66,1.58,6.02,3.19,97.9974,mrwy263_amph2_1 ,MRWY263,EH,lava+xeno,7.56,0.15,1.1,4.15,0.83,0.01,0.61,0.72,0.93,0.38,1.28
48,52.76,0.85,4.07,19.9,4.49,0.0744,5.44,1.91,6.13,2.89,98.5145,mrwy263_amph2_2 ,MRWY263,EH,lava+xeno,7.55,0.14,1.13,4.25,0.82,0.01,0.59,0.86,0.94,0.35,1.14
49,52.13,1.12,4.05,19.62,4.31,0.0549,5.61,1.89,6.32,3.01,98.115,mrwy263_amph2_3 ,MRWY263,EH,lava+xeno,7.5,0.19,1.13,4.21,0.79,0.01,0.61,0.86,0.97,0.36,1.14
50,52.1,1.0202,4.04,19.21,4.53,0.0723,5.99,1.49,6.19,3.34,97.9826,mrwy263_amph2_4 ,MRWY263,EH,lava+xeno,7.49,0.17,1.13,4.12,0.83,0.01,0.65,0.68,0.95,0.4,1.32
51,51.89,1.0145,3.98,18.44,4.43,0.0523,6.42,1.15,6.08,3.84,97.2969,mrwy263_amph2_5 ,MRWY263,EH,lava+xeno,7.5,0.17,1.11,3.97,0.82,0.01,0.7,0.53,0.94,0.46,1.47
52,52.01,1.0344,4.11,18.55,4.31,0.0779,6.37,1.39,6.14,3.6,97.5924,mrwy263_amph2_6 ,MRWY263,EH,lava+xeno,7.5,0.18,1.15,3.99,0.79,0.01,0.69,0.63,0.95,0.43,1.37
53,51.73,1.0701,4.07,18.64,4.4,0.0595,6.39,1.42,6.18,3.66,97.6197,mrwy263_amph2_7 ,MRWY263,EH,lava+xeno,7.47,0.18,1.14,4.01,0.81,0.01,0.69,0.65,0.96,0.44,1.35
54,51.81,0.777,4.13,18.36,4.61,0.0706,6.53,1.33,5.78,3.93,97.3277,mrwy263_amph2_8 ,MRWY263,EH,lava+xeno,7.51,0.13,1.16,3.97,0.85,0.01,0.71,0.61,0.9,0.48,1.39
55,52.09,0.7702,4.11,18.82,4.61,0.0965,6.2,1.38,5.86,3.67,97.6068,mrwy263_amph2_9 ,MRWY263,EH,lava+xeno,7.52,0.13,1.15,4.05,0.85,0.01,0.67,0.63,0.91,0.44,1.37
56,51.67,1.0236,4.13,18.22,4.45,0.0811,6.75,1.34,5.97,4,97.6347,mrwy263_amph2_10 ,MRWY263,EH,lava+xeno,7.47,0.17,1.16,3.93,0.82,0.01,0.73,0.61,0.92,0.48,1.39
57,51.71,1.0469,3.96,18.33,4.54,0.06,6.55,1.22,6.02,3.94,97.377,mrwy263_amph2_11 ,MRWY263,EH,lava+xeno,7.48,0.18,1.11,3.95,0.84,0.01,0.71,0.56,0.93,0.48,1.44
58,52.28,0.7237,4.18,18.76,4.65,0.0723,6.18,1.42,5.79,3.72,97.7761,mrwy263_amph3_1 ,MRWY263,EH,lava+xeno,7.54,0.12,1.17,4.03,0.86,0.01,0.67,0.65,0.89,0.45,1.35
59,52.97,0.7226,4.13,19.34,4.59,0.0626,5.48,1.86,5.98,3.1,98.2353,mrwy263_amph3_2 ,MRWY263,EH,lava+xeno,7.6,0.12,1.15,4.14,0.84,0.01,0.59,0.84,0.92,0.37,1.16
60,52.88,0.7838,4.23,19.43,4.51,0.0558,5.6,1.64,5.95,3.29,98.3697,mrwy263_amph3_3 ,MRWY263,EH,lava+xeno,7.57,0.13,1.17,4.15,0.82,0.01,0.6,0.74,0.91,0.39,1.26
61,53.2,0.7241,4.17,19.77,4.53,0.0524,5.15,1.9,6.03,3.11,98.6366,mrwy263_amph3_4 ,MRWY263,EH,lava+xeno,7.6,0.12,1.16,4.21,0.83,0.01,0.55,0.86,0.92,0.37,1.14
62,52.44,0.7696,4.21,19.16,4.54,0.0826,6.05,1.54,5.9,3.67,98.3623,mrwy263_amph3_5 ,MRWY263,EH,lava+xeno,7.52,0.13,1.17,4.1,0.83,0.01,0.65,0.7,0.91,0.44,1.3
63,52.62,0.8331,4.15,19.6,4.52,0.0473,5.73,1.72,6.01,3.31,98.5405,mrwy263_amph3_6 ,MRWY263,EH,lava+xeno,7.53,0.14,1.15,4.18,0.83,0.01,0.62,0.78,0.92,0.4,1.22
64,52.66,1.6402,4,19.18,5.14,0.0516,4.92,1.94,5.81,3.23,98.5718,mrwy263_amph3_7 ,MRWY263,EH,lava+xeno,7.55,0.28,1.11,4.1,0.94,0.01,0.53,0.88,0.89,0.39,1.12
65,53.19,0.8373,4.09,20.14,4.5,0.0657,4.41,2.1,6.08,2.88,98.2931,mrwy263_amph3_8 ,MRWY263,EH,lava+xeno,7.63,0.14,1.14,4.31,0.82,0.01,0.48,0.95,0.93,0.35,1.05
66,52.61,0.7472,4.03,20.25,4.47,0.0525,4.43,2.09,6.14,2.81,97.6297,mrwy263_amph3_9 ,MRWY263,EH,lava+xeno,7.6,0.13,1.13,4.36,0.82,0.01,0.48,0.96,0.95,0.34,1.04
67,51.81,1.0085,4.03,19.11,4.45,0.0695,6.31,1.49,6.17,3.75,98.198,mrwy263_amph4_1 ,MRWY263,EH,lava+xeno,7.45,0.17,1.12,4.1,0.82,0.01,0.68,0.68,0.95,0.45,1.32
68,52.31,0.7762,4.17,19.17,4.57,0.0753,6.17,1.46,5.93,3.73,98.3616,mrwy263_amph4_2 ,MRWY263,EH,lava+xeno,7.5,0.13,1.16,4.1,0.84,0.01,0.67,0.66,0.91,0.45,1.34
69,52.44,0.473,4.39,16.99,4.74,0.124,7.23,1.03,5.42,5.66,98.4971,mrwy263_amph4_3 ,MRWY263,EH,lava+xeno,7.55,0.08,1.22,3.64,0.87,0.02,0.78,0.47,0.84,0.68,1.53
70,52.81,0.6159,4.25,18.31,4.69,0.0905,6.06,1.31,5.79,4.54,98.4665,mrwy263_amph4_4 ,MRWY263,EH,lava+xeno,7.58,0.1,1.18,3.92,0.86,0.01,0.65,0.59,0.89,0.54,1.41
71,52.52,0.6466,4.34,18.2,4.64,0.0791,6.32,1.28,5.55,4.77,98.3457,mrwy263_amph4_5 ,MRWY263,EH,lava+xeno,7.55,0.11,1.21,3.9,0.85,0.01,0.68,0.58,0.85,0.57,1.42
72,52.12,0.8545,4.18,19.19,4.54,0.0784,5.96,1.66,6.01,3.57,98.163,mrwy263_amph4_6 ,MRWY263,EH,lava+xeno,7.5,0.14,1.17,4.12,0.83,0.01,0.65,0.76,0.93,0.43,1.24
73,52.31,0.6242,4.28,18.22,4.71,0.0971,6.63,1.23,5.57,4.71,98.3813,mrwy263_amph4_7 ,MRWY263,EH,lava+xeno,7.52,0.11,1.19,3.9,0.86,0.01,0.72,0.56,0.86,0.57,1.44
74,51.86,1.0184,4.11,18.65,4.47,0.0677,6.59,1.41,6.04,4.07,98.2862,mrwy263_amph4_8 ,MRWY263,EH,lava+xeno,7.45,0.17,1.15,4,0.82,0.01,0.71,0.64,0.93,0.49,1.36
75,52.73,0.6863,4.29,18.76,4.56,0.0734,6.07,1.36,5.86,4.07,98.4598,mrwy263_amph4_9 ,MRWY263,EH,lava+xeno,7.55,0.12,1.19,4.01,0.83,0.01,0.65,0.62,0.9,0.49,1.38
76,52.23,0.6633,4.29,18.26,4.7,0.1002,6.72,1.19,5.55,4.83,98.5336,mrwy263_amph4_10 ,MRWY263,EH,lava+xeno,7.5,0.11,1.19,3.91,0.86,0.01,0.73,0.54,0.85,0.58,1.46
77,52.43,0.6883,4.27,18.6,4.67,0.0737,6.68,1.29,5.67,4.61,98.982,mrwy263_amph4_11 ,MRWY263,EH,lava+xeno,7.49,0.12,1.18,3.96,0.85,0.01,0.72,0.58,0.87,0.55,1.42
78,52.29,0.5941,4.32,17.5,4.74,0.0625,7.28,1.16,5.52,5.32,98.7867,mrwy263_amph4_12 ,MRWY263,EH,lava+xeno,7.5,0.1,1.2,3.74,0.87,0.01,0.79,0.53,0.85,0.64,1.47
79,52.36,0.5982,4.38,17.86,4.7,0.0824,7.11,1.18,5.55,5.12,98.9407,mrwy263_amph4_13 ,MRWY263,EH,lava+xeno,7.5,0.1,1.22,3.81,0.86,0.01,0.77,0.53,0.85,0.61,1.47
80,52.24,0.3402,4.47,14.36,4.8,0.1539,8.73,0.4758,4.87,8.12,98.56,mrwy263_amph4_14 ,MRWY263,EH,lava+xeno,7.55,0.06,1.25,3.09,0.88,0.02,0.95,0.22,0.75,0.98,1.78
81,53.5,0.5661,4.29,18.64,4.65,0.0867,5.9,1.12,5.67,4.52,98.9429,mrwy263_amph5_1 ,MRWY263,EH,lava+xeno,7.61,0.09,1.18,3.95,0.84,0.01,0.63,0.5,0.86,0.54,1.5
82,52.95,0.4856,4.29,17.71,4.74,0.094,6.78,1.08,5.5,5.06,98.6897,mrwy263_amph5_2 ,MRWY263,EH,lava+xeno,7.58,0.08,1.19,3.78,0.87,0.01,0.73,0.49,0.84,0.61,1.51
83,52.78,0.4468,4.33,16.77,4.78,0.0923,7.42,1.01,5.35,5.7,98.6792,mrwy263_amph5_3 ,MRWY263,EH,lava+xeno,7.57,0.08,1.2,3.59,0.87,0.01,0.8,0.46,0.82,0.68,1.54
84,52.54,0.4366,4.3,16.67,4.81,0.1078,7.58,0.9286,5.34,5.85,98.5631,mrwy263_amph5_4 ,MRWY263,EH,lava+xeno,7.55,0.07,1.2,3.57,0.88,0.01,0.82,0.42,0.82,0.7,1.58
85,52.82,0.4667,4.28,17.41,4.75,0.1125,6.99,1.05,5.51,5.3,98.6893,mrwy263_amph5_5 ,MRWY263,EH,lava+xeno,7.57,0.08,1.19,3.72,0.87,0.01,0.75,0.48,0.85,0.63,1.52
86,52.67,0.6088,4.33,17.4,4.66,0.0931,6.91,1.11,5.47,5.3,98.552,mrwy263_amph5_6 ,MRWY263,EH,lava+xeno,7.56,0.1,1.2,3.72,0.85,0.01,0.75,0.5,0.84,0.64,1.5
87,52.48,0.545,4.15,17.75,4.64,0.0789,6.31,1.14,5.52,4.54,97.1539,mrwy263_amph5_7 ,MRWY263,EH,lava+xeno,7.61,0.09,1.17,3.84,0.86,0.01,0.69,0.52,0.86,0.55,1.48
88,52.59,0.7817,4.14,18.64,4.64,0.0612,6.32,1.29,5.87,4.03,98.363,mrwy263_amph5_8 ,MRWY263,EH,lava+xeno,7.53,0.13,1.15,3.98,0.85,0.01,0.68,0.58,0.9,0.48,1.42
89,53.11,0.5289,4.28,17.83,4.67,0.1079,6.63,1.16,5.5,4.82,98.6369,mrwy263_amph5_9 ,MRWY263,EH,lava+xeno,7.59,0.09,1.19,3.8,0.85,0.01,0.71,0.52,0.84,0.58,1.48
90,53.54,0.5982,4.31,18.23,4.73,0.0851,6.25,1.18,5.56,4.74,99.2234,mrwy263_amph5_10 ,MRWY263,EH,lava+xeno,7.61,0.1,1.19,3.86,0.86,0.01,0.67,0.53,0.85,0.56,1.47
91,52.18,1.1969,3.98,19.33,4.49,0.0266,6.01,1.68,6.41,3.41,98.7136,mrwy263_amph5_11 ,MRWY263,EH,lava+xeno,7.46,0.2,1.1,4.12,0.82,0,0.65,0.76,0.98,0.41,1.24
92,53.09,0.5207,4.33,17.63,4.7,0.0897,6.81,1.03,5.39,5.21,98.8004,mrwy263_amph5_12 ,MRWY263,EH,lava+xeno,7.58,0.09,1.2,3.75,0.86,0.01,0.73,0.47,0.82,0.62,1.53
93,52.82,0.5596,4.39,17.58,4.71,0.089,7.03,1.08,5.45,5.21,98.9186,mrwy263_amph5_13 ,MRWY263,EH,lava+xeno,7.55,0.09,1.22,3.75,0.86,0.01,0.76,0.49,0.83,0.62,1.51
94,52.9,0.5628,4.42,17.4,4.72,0.0994,7.14,1.05,5.44,5.4,99.1323,mrwy263_amph5_14 ,MRWY263,EH,lava+xeno,7.55,0.09,1.22,3.7,0.86,0.01,0.77,0.47,0.83,0.64,1.53
95,53.46,0.5073,4.44,19.41,4.72,0.0741,5.48,1.43,5.52,3.83,98.8715,mrwy263_amph6_1 ,MRWY263,EH,lava+xeno,7.61,0.09,1.23,4.12,0.86,0.01,0.59,0.64,0.84,0.46,1.36
96,52.56,0.8453,4.14,18.94,4.65,0.0779,5.93,1.3,5.81,3.95,98.2033,mrwy263_amph6_2 ,MRWY263,EH,lava+xeno,7.54,0.14,1.15,4.05,0.85,0.01,0.64,0.59,0.89,0.47,1.41
97,52.34,0.7767,4.23,18.99,4.54,0.0795,6.42,1.39,5.79,4.07,98.6263,mrwy263_amph6_3 ,MRWY263,EH,lava+xeno,7.49,0.13,1.17,4.05,0.83,0.01,0.69,0.63,0.89,0.49,1.37
98,52.65,0.6348,4.27,19.05,4.72,0.0717,5.81,1.52,5.69,3.92,98.3365,mrwy263_amph6_4 ,MRWY263,EH,lava+xeno,7.56,0.11,1.19,4.08,0.86,0.01,0.63,0.69,0.88,0.47,1.31
99,52.64,0.6873,4.28,19.14,4.65,0.0766,6.07,1.54,5.67,3.92,98.674,mrwy263_amph6_5 ,MRWY263,EH,lava+xeno,7.53,0.12,1.19,4.08,0.85,0.01,0.65,0.7,0.87,0.47,1.3
100,53.17,0.5625,4.36,19.5,4.62,0.0732,5.38,1.61,5.69,3.74,98.7057,mrwy263_amph6_6 ,MRWY263,EH,lava+xeno,7.6,0.09,1.21,4.15,0.84,0.01,0.58,0.73,0.87,0.45,1.27
101,55.05,0.1857,4.8,18.23,4.66,0.0317,6.7,1.05,4.76,4.47,99.9375,mrwy300_amph1_1 ,MRWY300,EH,lava+xeno,7.71,0.03,1.3,3.81,0.83,0,0.71,0.47,0.71,0.52,1.53
102,53.54,0.2807,4.94,17.31,4.55,0.0478,7.87,0.9608,4.71,4.66,98.8694,mrwy300_amph1_2 ,MRWY300,EH,lava+xeno,7.61,0.05,1.36,3.67,0.82,0.01,0.84,0.43,0.72,0.55,1.57
103,53.94,0.1864,4.76,17.71,4.76,0.0378,7.37,0.9785,4.83,4.4,98.9728,mrwy300_amph1_3 ,MRWY300,EH,lava+xeno,7.65,0.03,1.31,3.74,0.86,0,0.79,0.44,0.73,0.52,1.56
104,54.68,0.1735,5.1,18.55,4.62,0.0474,5.12,1.69,4.59,4.56,99.131,mrwy300_amph1_4 ,MRWY300,EH,lava+xeno,7.78,0.03,1.41,3.93,0.84,0.01,0.55,0.76,0.7,0.54,1.24
1,53.729,0.896,4.081,19.641,4.56,0.078,5.825,1.388,6.289,3.513,99.416,mrwy247_amph_matrix1 ,MRWY247,EH,lava+xeno,7.55,0.15,1.11,4.11,0.82,0.01,0.62,0.62,0.95,0.41,1.38
2,54.005,0.88,4.12,20.051,4.526,0.104,5.419,1.421,6.446,3.289,99.663,mrwy247_amph_matrix2 ,MRWY247,EH,lava+xeno,7.56,0.15,1.12,4.19,0.81,0.01,0.57,0.63,0.97,0.39,1.37
3,53.656,0.89,4.079,19.783,4.574,0.07,5.787,1.387,6.303,3.454,99.399,mrwy247_amph_matrix3 ,MRWY247,EH,lava+xeno,7.54,0.15,1.11,4.14,0.82,0.01,0.61,0.62,0.95,0.41,1.38
4,53.745,0.944,4.08,20.152,4.545,0.068,5.43,1.528,6.506,3.058,99.413,mrwy247_amph_matrix4 ,MRWY247,EH,lava+xeno,7.55,0.16,1.11,4.22,0.81,0.01,0.57,0.68,0.98,0.36,1.32
5,53.646,1.035,4.041,19.643,4.638,0.052,5.747,1.248,6.505,3.553,99.583,mrwy247_amph_matrix5 ,MRWY247,EH,lava+xeno,7.53,0.17,1.1,4.11,0.83,0.01,0.61,0.55,0.98,0.42,1.45
6,53.081,1.194,3.995,19.459,4.472,0.083,5.942,1.317,6.613,3.539,99.14,mrwy247_amph_matrix6 ,MRWY247,EH,lava+xeno,7.49,0.2,1.09,4.09,0.8,0.01,0.63,0.59,1,0.42,1.41
7,53.537,0.769,4.193,19.29,4.72,0.071,6.182,1.225,6.071,3.894,99.436,mrwy247_amph_matrix7 ,MRWY247,EH,lava+xeno,7.54,0.13,1.14,4.05,0.85,0.01,0.65,0.55,0.92,0.46,1.45
8,53.537,0.963,4.043,20.304,4.552,0.09,5.227,1.772,6.477,3.061,99.28,mrwy247_amph_matrix8 ,MRWY247,EH,lava+xeno,7.54,0.16,1.1,4.26,0.82,0.01,0.55,0.79,0.98,0.36,1.21
9,54.122,0.683,4.208,19.968,4.702,0.057,5.398,1.359,6.19,3.385,99.5,mrwy247_amph_matrix9 ,MRWY247,EH,lava+xeno,7.59,0.11,1.14,4.18,0.84,0.01,0.57,0.6,0.93,0.4,1.4
10,40.699,0.051,0.029,48.045,0.049,0.345,0.05,0,0.114,10.966,100.348,mrwy247_amph_matrix10 ,MRWY247,EH,lava+xeno,5.75,0.01,0.01,10.12,0.01,0.04,0.01,0,0.02,1.3,2
11,52.864,1.068,4.122,18.536,4.547,0.096,6.663,0.917,6.247,4.373,99.047,mrwy247_amph_matrix11 ,MRWY247,EH,lava+xeno,7.48,0.18,1.13,3.91,0.82,0.01,0.71,0.41,0.95,0.52,1.59
12,53.065,0.821,4.137,18.803,4.759,0.09,6.646,0.94,6.034,4.079,98.978,mrwy247_amph_matrix12 ,MRWY247,EH,lava+xeno,7.51,0.14,1.13,3.96,0.86,0.01,0.71,0.42,0.91,0.48,1.58
13,53.313,0.74,4.169,18.783,4.754,0.087,6.399,1.087,5.978,4.424,99.276,mrwy247_amph_matrix13 ,MRWY247,EH,lava+xeno,7.53,0.12,1.14,3.96,0.86,0.01,0.68,0.49,0.9,0.52,1.51
14,53.096,1.125,4.055,19.272,4.386,0.054,6.096,1.065,6.743,3.654,99.098,mrwy247_amph_matrix14 ,MRWY247,EH,lava+xeno,7.49,0.19,1.11,4.05,0.79,0.01,0.65,0.47,1.02,0.43,1.53
15,54.357,0.686,4.128,20.16,4.602,0.056,5.231,1.327,6.244,3.046,99.278,mrwy247_amph_matrix15 ,MRWY247,EH,lava+xeno,7.62,0.11,1.12,4.21,0.82,0.01,0.55,0.59,0.94,0.36,1.41
16,57.754,19.152,0.148,0.973,22.022,0.005,0.104,0,0.077,2.351,102.586,mrwy247_amph_xeno1 ,MRWY247,EH,lava+xeno,7.94,3.1,0.04,0.2,3.86,0,0.01,0,0.01,0.27,2
17,53.849,0.344,4.299,17.546,4.832,0.04,7.909,0.5,5.963,4.015,99.086,mrwy247_amph_xeno2 ,MRWY247,EH,lava+xeno,7.58,0.06,1.17,3.68,0.87,0,0.84,0.22,0.9,0.47,1.78
18,53.152,0.358,4.442,17.048,5,0.057,9.419,0.465,5.172,3.916,98.833,mrwy247_amph_xeno3 ,MRWY247,EH,lava+xeno,7.51,0.06,1.22,3.59,0.9,0.01,1,0.21,0.78,0.46,1.79
19,54.228,0.737,4.154,20.274,4.66,0.058,4.957,1.548,6.331,3.089,99.384,mrwy304_amph_matrix1 ,MRWY304,EH,lava+xeno,7.61,0.12,1.13,4.24,0.83,0.01,0.52,0.69,0.95,0.36,1.31
20,53.303,1.013,4.111,19.727,4.531,0.084,5.729,1.355,6.429,3.353,99.064,mrwy304_amph_matrix2 ,MRWY304,EH,lava+xeno,7.52,0.17,1.12,4.15,0.82,0.01,0.61,0.6,0.97,0.4,1.4
21,53.843,1.059,4.039,20.313,4.545,0.055,5.306,1.682,6.454,3.006,99.594,mrwy304_amph_matrix3 ,MRWY304,EH,lava+xeno,7.55,0.17,1.1,4.24,0.81,0.01,0.56,0.75,0.97,0.35,1.25
22,54.311,0.906,4.014,21.132,4.611,0.085,4.389,2.1,6.513,2.517,99.694,mrwy304_amph_matrix4 ,MRWY304,EH,lava+xeno,7.6,0.15,1.09,4.41,0.82,0.01,0.46,0.93,0.98,0.29,1.07
23,54.267,0.855,4.113,20.223,4.635,0.075,5.097,1.492,6.29,3.136,99.555,mrwy304_amph_matrix5 ,MRWY304,EH,lava+xeno,7.6,0.14,1.12,4.22,0.83,0.01,0.54,0.66,0.94,0.37,1.34
24,54.338,0.88,4.171,20.216,4.513,0.091,5.086,1.676,6.239,3.078,99.582,mrwy304_amph_matrix6 ,MRWY304,EH,lava+xeno,7.61,0.15,1.13,4.22,0.81,0.01,0.54,0.74,0.94,0.36,1.26
25,53.584,1.03,3.934,20.992,4.568,0.052,4.742,2.023,6.605,2.654,99.332,mrwy304_amph_matrix7 ,MRWY304,EH,lava+xeno,7.54,0.17,1.07,4.4,0.82,0.01,0.5,0.9,1,0.31,1.1
26,53.782,1.11,3.928,20.952,4.529,0.047,4.611,2.045,6.733,2.539,99.415,mrwy304_amph_matrix8 ,MRWY304,EH,lava+xeno,7.55,0.18,1.07,4.39,0.81,0.01,0.49,0.91,1.01,0.3,1.09
27,53.969,0.906,4.1,20.234,4.629,0.042,5.342,1.587,6.269,3.093,99.503,mrwy304_amph_matrix9 ,MRWY304,EH,lava+xeno,7.57,0.15,1.11,4.23,0.83,0,0.56,0.7,0.94,0.36,1.3
28,53.36,1.199,3.92,20.316,4.51,0.03,5.074,1.752,6.615,2.819,98.857,mrwy304_amph_matrix10 ,MRWY304,EH,lava+xeno,7.53,0.2,1.07,4.28,0.81,0,0.54,0.78,1,0.33,1.22
29,53.612,0.919,4.044,20.421,4.575,0.057,5.135,1.635,6.376,2.913,98.999,mrwy304_amph_matrix11 ,MRWY304,EH,lava+xeno,7.56,0.15,1.11,4.29,0.82,0.01,0.54,0.73,0.96,0.34,1.27
30,54.292,0.841,4.083,20.892,4.495,0.07,4.226,1.824,6.418,2.529,98.902,mrwy304_amph_matrix12 ,MRWY304,EH,lava+xeno,7.64,0.14,1.11,4.38,0.81,0.01,0.45,0.81,0.97,0.3,1.19
31,54.084,0.361,4.382,18.117,4.831,0.03,8.581,0.704,5.097,3.514,99.405,mrwy304_amph_xeno1 ,MRWY304,EH,lava+xeno,7.56,0.06,1.19,3.78,0.86,0,0.9,0.31,0.76,0.41,1.69
32,54.036,0.473,4.24,18.636,4.876,0.035,8.252,0.8,5.382,3.246,99.639,mrwy304_amph_xeno2 ,MRWY304,EH,lava+xeno,7.54,0.08,1.15,3.88,0.87,0,0.87,0.35,0.8,0.38,1.65
33,54.645,0.299,4.521,18.332,4.912,0.018,7.716,0.752,4.972,3.288,99.138,mrwy304_amph_xeno3 ,MRWY304,EH,lava+xeno,7.65,0.05,1.23,3.82,0.88,0,0.81,0.33,0.75,0.38,1.67
34,54.555,0.116,5.482,18.821,5.055,0.04,6.983,1.138,3.539,3.948,99.198,mrwy304_amph_xeno4 ,MRWY304,EH,lava+xeno,7.67,0.02,1.49,3.95,0.91,0,0.74,0.51,0.53,0.46,1.49
35,53.762,0.058,5.466,17.659,5.084,0.028,8.237,1.091,3.17,4.531,98.627,mrwy304_amph_xeno5 ,MRWY304,EH,lava+xeno,7.63,0.01,1.5,3.74,0.92,0,0.88,0.49,0.48,0.54,1.51
36,58.156,19.787,0.165,0.967,21.959,0,0.227,0,0.016,2.4,103.677,mrwy304_amph_xeno6 ,MRWY304,EH,lava+xeno,7.9,3.17,0.04,0.2,3.81,0,0.02,0,0,0.27,2
37,57.408,19.967,0.17,1.128,21.477,0.003,0.134,0.092,0.578,1.868,102.786,mrwy304_amph_xeno7 ,MRWY304,EH,lava+xeno,7.86,3.22,0.05,0.23,3.75,0,0.01,0.04,0.08,0.21,1.96
31,52.59,1.5456,4.34,20.56,3.91,0.0132,5.59,1.85,6.79,2.11,99.2989,mrwy265_amph1 ,MRWY265,HM,cumul,7.43,0.26,1.19,4.33,0.71,0,0.59,0.83,1.03,0.25,1.17
32,52.21,1.5762,4.29,20.21,3.97,0.0172,6.08,1.7,6.76,2.18,98.9935,mrwy265_amph2 ,MRWY265,HM,cumul,7.4,0.26,1.18,4.27,0.72,0,0.65,0.76,1.03,0.26,1.24
33,53.86,1.5967,4.68,21.55,3.89,0.0338,5.73,1.68,6.42,2.22,101.6604,mrwy265_amph3 ,MRWY265,HM,cumul,7.41,0.26,1.25,4.42,0.68,0,0.59,0.73,0.95,0.26,1.27
35,58.22,21.46,0.0317,0.6604,22.38,0.012,0.2138,0.0314,0.001,2.23,105.2402,mrwy265_amph5 ,MRWY265,HM,cumul,7.79,3.38,0.01,0.13,3.82,0,0.02,0.01,0,0.25,1.99
36,55.27,12.78,1.96,7.06,11.99,0.0401,2.24,0.16,7.22,2.62,101.34,mrwy265_amph6 ,MRWY265,HM,cumul,7.63,2.08,0.52,1.45,2.11,0,0.23,0.07,1.07,0.3,1.93
37,44.59,12.95,2.32,15.64,0.7817,0.0601,1.326,0.1447,11.96,7.31,97.0826,mrwy89_amph1 ,MRWY89,HM,cumul,6.45,2.21,0.65,3.37,0.14,0.01,0.14,0.07,1.85,0.88,1.93
38,44.62,12.32,2.54,16.76,0.6684,0.0795,1.1625,0.1518,11.96,6.81,97.0723,mrwy89_amph2 ,MRWY89,HM,cumul,6.45,2.1,0.71,3.61,0.12,0.01,0.13,0.07,1.85,0.82,1.93
39,43.74,13.09,2.32,16.45,0.769,0.0703,1.2855,0.1418,11.69,7.52,97.0767,mrwy89_amph3 ,MRWY89,HM,cumul,6.34,2.24,0.65,3.55,0.14,0.01,0.14,0.06,1.82,0.91,1.94
