   No. ,   SiO2  ,   Al2O3 ,   MgO   ,   CaO   ,   BaO   ,   Na2O  ,   K2O   ,   FeO   ,  Total  ,Comment  ,Location,Sample,Type,   Si  ,   Al,   Mg   ,   Ca,   Ba ,   Na,   K  ,   Fe   
1,60.68,17.62,1.305,0.018,0.0364,0.2124,15.46,3.6,98.9319,mrwy57_leu1_8 ,ZM,MRWY57,Lava,2.17,0.74,0.07,0,0,0.01,0.71,0.11
2,57.42,19.97,0.6117,0.0098,0.018,0.0633,20.12,2.21,100.4228,mrwy57_leu1_9 ,ZM,MRWY57,Lava,2.08,0.85,0.03,0,0,0,0.93,0.07
3,58.63,17.53,1.2016,0.0617,0,0.303,17.99,3.57,99.2864,mrwy57_leu1_10 ,ZM,MRWY57,Lava,2.13,0.75,0.07,0,0,0.02,0.84,0.11
4,57.07,20.58,0.4932,0.0526,0.0522,0.0269,20.61,1.8,100.6849,mrwy57_leu1_11 ,ZM,MRWY57,Lava,2.06,0.88,0.03,0,0,0,0.95,0.05
5,56.55,20.43,0.4458,0.0286,0,0.0201,21.1,1.73,100.3045,mrwy57_leu1_12 ,ZM,MRWY57,Lava,2.06,0.88,0.02,0,0,0,0.98,0.05
6,57.15,20.6,0.4935,0.0152,0.0422,0.014,20.7,1.86,100.8748,mrwy57_leu1_13 ,ZM,MRWY57,Lava,2.06,0.88,0.03,0,0,0,0.95,0.06
7,57.16,20.06,0.5933,0.0122,0.0381,0.0387,20.32,1.99,100.2122,mrwy57_leu1_14 ,ZM,MRWY57,Lava,2.07,0.86,0.03,0,0,0,0.94,0.06
8,57.76,18.99,0.7946,0.0197,0,0.0616,19.95,2.78,100.3558,mrwy57_leu1_15 ,ZM,MRWY57,Lava,2.1,0.81,0.04,0,0,0,0.92,0.08
15,56.53,19.89,0.5668,0.0046,0.1001,0.0159,20.56,2.04,99.7075,mrwy57_leu3_1 ,ZM,MRWY57,Lava,2.07,0.86,0.03,0,0,0,0.96,0.06
16,57.01,20.02,0.5775,0.0087,0.0366,0.0246,20.71,2.04,100.4273,mrwy57_leu3_2 ,ZM,MRWY57,Lava,2.07,0.86,0.03,0,0,0,0.96,0.06
17,56.85,20.26,0.52,0.007,0.0067,0.0318,20.4,1.83,99.9056,mrwy57_leu3_3 ,ZM,MRWY57,Lava,2.07,0.87,0.03,0,0,0,0.95,0.06
18,56.92,19.72,0.5969,0,0.0456,0.0628,20.55,2.19,100.0852,mrwy57_leu3_4 ,ZM,MRWY57,Lava,2.07,0.85,0.03,0,0,0,0.96,0.07
19,57.18,19.77,0.6267,0.0068,0,0.049,20.15,2.2,99.9826,mrwy57_leu3_5 ,ZM,MRWY57,Lava,2.08,0.85,0.03,0,0,0,0.93,0.07
20,57.32,19.75,0.6211,0.0078,0.0121,0.0762,20.1,2.17,100.0571,mrwy57_leu3_6 ,ZM,MRWY57,Lava,2.08,0.85,0.03,0,0,0.01,0.93,0.07
21,56.07,20.15,0.4991,0,0.0435,0.0283,20.81,1.85,99.451,mrwy57_leu3_7 ,ZM,MRWY57,Lava,2.06,0.87,0.03,0,0,0,0.97,0.06
22,57.16,19.74,0.624,0.001,0,0.0479,20.3,2.21,100.0828,mrwy57_leu4_1 ,ZM,MRWY57,Lava,2.08,0.85,0.03,0,0,0,0.94,0.07
23,57.09,19.88,0.6004,0,0.0099,0.1068,20.2,2.1,99.9872,mrwy57_leu4_2 ,ZM,MRWY57,Lava,2.08,0.85,0.03,0,0,0.01,0.94,0.06
24,56.05,19.43,0.6574,0.7172,0.0464,0.1693,19.7,2.25,99.0203,mrwy57_leu4_3 ,ZM,MRWY57,Lava,2.07,0.84,0.04,0.03,0,0.01,0.93,0.07
25,57.39,20.04,0.5863,0,0,0.0756,19.71,2.2,100.0018,mrwy57_leu4_4 ,ZM,MRWY57,Lava,2.08,0.86,0.03,0,0,0.01,0.91,0.07
26,57.13,19.7,0.6891,0.0043,0.1251,0.0493,20.14,2.34,100.1777,mrwy57_leu4_5 ,ZM,MRWY57,Lava,2.08,0.84,0.04,0,0,0,0.93,0.07
27,56.19,20.24,0.4801,0.0023,0,0.052,20.89,1.87,99.7245,mrwy57_leu5_1 ,ZM,MRWY57,Lava,2.06,0.87,0.03,0,0,0,0.98,0.06
29,55.9,20.3,0.4514,0.0121,0.0598,0.056,20.77,1.76,99.3094,mrwy57_leu5_3 ,ZM,MRWY57,Lava,2.06,0.88,0.02,0,0,0,0.97,0.05
30,56.52,20.29,0.4714,0.0071,0,0.0557,20.58,1.79,99.7143,mrwy57_leu5_4 ,ZM,MRWY57,Lava,2.06,0.87,0.03,0,0,0,0.96,0.05
31,57.39,21.06,0.2938,0,0.0089,0.1029,20.15,0.7666,99.7723,mrwy57_leu5_5 ,ZM,MRWY57,Lava,2.07,0.9,0.02,0,0,0.01,0.93,0.02
32,57.59,18.35,0.8499,0.0411,0,0.4692,19.05,2.84,99.1903,mrwy46a_leu1_1 ,STM,MRWY46,Lava,2.11,0.79,0.05,0,0,0.03,0.89,0.09
33,57.6,18.71,0.7626,0.0432,0.0683,0.401,19.15,2.71,99.4452,mrwy46a_leu1_2 ,STM,MRWY46,Lava,2.1,0.8,0.04,0,0,0.03,0.89,0.08
34,57.83,18.45,0.8347,0.0329,0.0676,0.4181,19.11,3.02,99.7633,mrwy46a_leu1_3 ,STM,MRWY46,Lava,2.11,0.79,0.05,0,0,0.03,0.89,0.09
35,57.61,18.34,0.8469,0.0306,0,0.4252,19.62,2.66,99.5328,mrwy46a_leu2_1 ,STM,MRWY46,Lava,2.11,0.79,0.05,0,0,0.03,0.92,0.08
37,58.48,16.95,1.1246,0.0477,0.1681,0.8622,17.94,3.1,98.6727,mrwy46a_leu2_3 ,STM,MRWY46,Lava,2.14,0.73,0.06,0,0,0.06,0.84,0.1
38,57.82,18.07,0.8562,0.0337,0.0187,0.5098,19.22,2.9,99.4285,mrwy46a_leu3_1 ,STM,MRWY46,Lava,2.11,0.78,0.05,0,0,0.04,0.9,0.09
39,58.17,17.85,0.97,0.0126,0.0045,0.6806,18.38,2.7,98.7678,mrwy46a_leu3_2 ,STM,MRWY46,Lava,2.13,0.77,0.05,0,0,0.05,0.86,0.08
40,57.73,18.38,0.8364,0.0302,0.0488,0.5079,19.15,2.79,99.4734,mrwy46a_leu3_3 ,STM,MRWY46,Lava,2.11,0.79,0.05,0,0,0.04,0.89,0.09
42,58.14,17.66,1.0404,0.038,0.0054,0.5125,18.07,2.99,98.4564,mrwy46a_leu4_2 ,STM,MRWY46,Lava,2.13,0.76,0.06,0,0,0.04,0.85,0.09
44,57.48,18.65,0.7812,0.0325,0,0.3518,19.31,2.81,99.4155,mrwy46a_leu4_4 ,STM,MRWY46,Lava,2.1,0.8,0.04,0,0,0.02,0.9,0.09
45,57.86,18.47,0.8413,0.0233,0,0.3365,18.29,2.93,98.7512,mrwy46a_leu4_5 ,STM,MRWY46,Lava,2.12,0.8,0.05,0,0,0.02,0.85,0.09
46,55.54,22.74,0.0273,0.0226,0.0026,0.0611,21.44,0.611,100.4445,mrwy47_leu1_1 ,STM,MRWY47,Cumul,2.01,0.97,0,0,0,0,0.99,0.02
47,55.62,22.68,0.0237,0.001,0,0.0452,21.41,0.5961,100.3759,mrwy47_leu1_2 ,STM,MRWY47,Cumul,2.02,0.97,0,0,0,0,0.99,0.02
48,57.4,21.66,0.0635,0.0124,0.0891,0.1175,20.17,0.6668,100.1792,mrwy47_leu1_3 ,STM,MRWY47,Cumul,2.07,0.92,0,0,0,0.01,0.93,0.02
49,56.68,21.92,0.0589,0.0166,0,0.0474,20.79,0.5906,100.1034,mrwy47_leu1_4 ,STM,MRWY47,Cumul,2.05,0.93,0,0,0,0,0.96,0.02
50,55.39,22.65,0.0194,0.0056,0.0056,0.0578,21.5,0.601,100.2293,mrwy47_leu1_5 ,STM,MRWY47,Cumul,2.01,0.97,0,0,0,0,1,0.02
51,55.13,22.47,0.0204,0.0135,0,0.0378,21.44,0.5715,99.6833,mrwy47_leu1_6 ,STM,MRWY47,Cumul,2.01,0.97,0,0,0,0,1,0.02
52,55.57,22.57,0.0348,0.0137,0.0645,0.0455,21.54,0.6404,100.4789,mrwy47_leu1_7 ,STM,MRWY47,Cumul,2.02,0.96,0,0,0,0,1,0.02
53,55.31,22.48,0.0336,0.0169,0.048,0.0519,21.35,0.843,100.1333,mrwy47_leu1_8 ,STM,MRWY47,Cumul,2.01,0.96,0,0,0,0,0.99,0.03
54,55.41,22.45,0.021,0,0,0.0543,21.44,0.7435,100.1188,mrwy47_leu1_9 ,STM,MRWY47,Cumul,2.02,0.96,0,0,0,0,1,0.02
55,55.4,22.56,0.0221,0.0082,0.0032,0.0357,21.27,0.6608,99.96,mrwy47_leu1_10 ,STM,MRWY47,Cumul,2.02,0.97,0,0,0,0,0.99,0.02
56,56.14,22.16,0.0731,0.1585,0.0809,0.2071,20.43,0.7917,100.0413,mrwy47_leu2_1 ,STM,MRWY47,Cumul,2.03,0.95,0,0.01,0,0.01,0.94,0.02
57,56.24,22.48,0.0359,0.1043,0.0221,0.1253,21.02,0.5878,100.6153,mrwy47_leu2_2 ,STM,MRWY47,Cumul,2.03,0.96,0,0,0,0.01,0.97,0.02
58,56.22,22.56,0.0253,0.0647,0.0191,0.1135,21.18,0.4252,100.6077,mrwy47_leu2_3 ,STM,MRWY47,Cumul,2.03,0.96,0,0,0,0.01,0.97,0.01
59,56.44,22.48,0.0474,0.0893,0.0164,0.1993,20.78,0.6227,100.6751,mrwy47_leu2_4 ,STM,MRWY47,Cumul,2.03,0.95,0,0,0,0.01,0.95,0.02
60,55.58,22.4,0.0535,0.1443,0.0553,0.1932,20.81,0.8968,100.133,mrwy47_leu2_5 ,STM,MRWY47,Cumul,2.02,0.96,0,0.01,0,0.01,0.96,0.03
62,56.32,22.12,0.041,0.0296,0,0.1575,20.54,0.8526,100.0607,mrwy47_leu3_2 ,STM,MRWY47,Cumul,2.04,0.94,0,0,0,0.01,0.95,0.03
63,55.32,22.9,0.0163,0.0276,0.0355,0.0458,21.52,0.5255,100.3906,mrwy47_leu3_3 ,STM,MRWY47,Cumul,2.01,0.98,0,0,0,0,1,0.02
64,55.63,22.87,0.0153,0.0477,0.0279,0.0495,21.49,0.6083,100.7386,mrwy47_leu3_4 ,STM,MRWY47,Cumul,2.01,0.97,0,0,0,0,0.99,0.02
65,55.96,22.39,0.0293,0.0103,0,0.0855,21.04,0.9017,100.4167,mrwy47_leu3_5 ,STM,MRWY47,Cumul,2.02,0.95,0,0,0,0.01,0.97,0.03
66,55.6,22.47,0.0337,0.055,0.0279,0.0828,21.15,0.8282,100.2476,mrwy47_leu3_6 ,STM,MRWY47,Cumul,2.02,0.96,0,0,0,0.01,0.98,0.03
67,56.36,22.13,0.0245,0.0571,0.0129,0.1494,20.71,0.5588,100.0026,mrwy47_leu3_7 ,STM,MRWY47,Cumul,2.04,0.94,0,0,0,0.01,0.96,0.02
68,56.83,22.07,0.0339,0.0212,0,0.1688,20.58,0.6357,100.3395,mrwy47_leu3_8 ,STM,MRWY47,Cumul,2.05,0.94,0,0,0,0.01,0.95,0.02
69,56.89,22.05,0.0275,0.0093,0.0344,0.2073,20.46,0.4642,100.1426,mrwy47_leu3_9 ,STM,MRWY47,Cumul,2.05,0.94,0,0,0,0.01,0.94,0.01
20,57.64,19.66,0.4926,0.0233,0,0.039,19.98,2.2,100.0348,mrwy58_leu1_1 ,ZM,MRWY58,Lava,2.09,0.84,0.03,0,0,0,0.92,0.07
21,57.9,19.76,0.496,0.0133,0.0723,0.0364,19.78,2.25,100.308,mrwy58_leu1_2 ,ZM,MRWY58,Lava,2.09,0.84,0.03,0,0,0,0.91,0.07
22,57.78,19.57,0.5169,0.0091,0,0.1656,19.75,2.27,100.0615,mrwy58_leu1_3 ,ZM,MRWY58,Lava,2.09,0.84,0.03,0,0,0.01,0.91,0.07
23,57.74,19.72,0.4731,0.004,0.0977,0.055,19.97,2.21,100.2697,mrwy58_leu1_4 ,ZM,MRWY58,Lava,2.09,0.84,0.03,0,0,0,0.92,0.07
24,57.54,19.8,0.4587,0.0026,0,0.0871,20.07,2.08,100.0383,mrwy58_leu1_5 ,ZM,MRWY58,Lava,2.09,0.85,0.02,0,0,0.01,0.93,0.06
25,57.46,19.58,0.5042,0.0178,0,0.1931,19.74,2.04,99.5352,mrwy58_leu1_6 ,ZM,MRWY58,Lava,2.09,0.84,0.03,0,0,0.01,0.92,0.06
26,57.47,19.8,0.4949,0.0036,0.0101,0.1865,19.75,2.21,99.9252,mrwy58_leu1_7 ,ZM,MRWY58,Lava,2.09,0.85,0.03,0,0,0.01,0.91,0.07
27,57.51,19.63,0.5057,0.016,0.0821,0.1558,19.74,2.08,99.7197,mrwy58_leu3_1 ,ZM,MRWY58,Lava,2.09,0.84,0.03,0,0,0.01,0.92,0.06
29,57.57,19.69,0.4814,0.025,0,0.0393,19.92,2.11,99.8358,mrwy58_leu3_3 ,ZM,MRWY58,Lava,2.09,0.84,0.03,0,0,0,0.92,0.06
30,57.67,19.76,0.471,0.0132,0.0377,0.0489,19.86,2.24,100.1007,mrwy58_leu3_4 ,ZM,MRWY58,Lava,2.09,0.84,0.03,0,0,0,0.92,0.07
31,57.17,18.53,0.6115,0.0465,0.0674,0.2578,19.66,2.46,98.8033,mrwy58_leu3_5 ,ZM,MRWY58,Lava,2.11,0.8,0.03,0,0,0.02,0.92,0.08
32,63.92,17.3,0.0671,0.0612,1.0028,0.3304,15.62,1.55,99.8516,mrwy58_leu3_6 ,ZM,MRWY58,Lava,2.25,0.72,0,0,0.01,0.02,0.7,0.05
33,64.3,16.47,0.1192,0.033,0.8955,0.3098,15.82,2.37,100.3175,mrwy58_leu3_7 ,ZM,MRWY58,Lava,2.26,0.68,0.01,0,0.01,0.02,0.71,0.07
34,56.24,20.37,0.3839,0.0289,0.0412,0.1723,20.23,1.97,99.4364,mrwy01_leu1_1 ,BT,MRWY01,Lava,2.06,0.88,0.02,0,0,0.01,0.95,0.06
35,57.04,18.36,0.7609,0.0507,0,0.2918,19.39,3.07,98.9635,mrwy01_leu1_2 ,BT,MRWY01,Lava,2.1,0.8,0.04,0,0,0.02,0.91,0.09
36,56.36,20.33,0.3723,0.0298,0.031,0.1586,20.08,1.94,99.3018,mrwy01_leu1_3 ,BT,MRWY01,Lava,2.06,0.88,0.02,0,0,0.01,0.94,0.06
37,56.32,20.33,0.3949,0.0651,0.0842,0.1614,19.86,1.95,99.1656,mrwy01_leu1_4 ,BT,MRWY01,Lava,2.06,0.88,0.02,0,0,0.01,0.93,0.06
38,56.65,19.71,0.5315,0.0386,0,0.2358,19.89,2.43,99.486,mrwy01_leu1_5 ,BT,MRWY01,Lava,2.07,0.85,0.03,0,0,0.02,0.93,0.07
39,56.51,20.11,0.4442,0.029,0,0.1815,20.03,2.16,99.4648,mrwy01_leu1_6 ,BT,MRWY01,Lava,2.07,0.87,0.02,0,0,0.01,0.93,0.07
40,56.49,20.13,0.4081,0.0283,0.0021,0.1399,20.15,2.04,99.3885,mrwy01_leu1_7 ,BT,MRWY01,Lava,2.07,0.87,0.02,0,0,0.01,0.94,0.06
41,56.59,20.3,0.4016,0.0124,0.1047,0.1873,20.03,2.05,99.6761,mrwy01_leu1_8 ,BT,MRWY01,Lava,2.07,0.87,0.02,0,0,0.01,0.93,0.06
42,56.41,20.33,0.3896,0.0236,0.0722,0.1375,20.05,1.94,99.3529,mrwy01_leu1_9 ,BT,MRWY01,Lava,2.06,0.88,0.02,0,0,0.01,0.94,0.06
43,56.8,19.32,0.6313,0.0444,0,0.2228,19.65,2.63,99.2986,mrwy01_leu1_10 ,BT,MRWY01,Lava,2.08,0.83,0.03,0,0,0.02,0.92,0.08
44,57.01,17.88,0.8847,0.0133,0.0705,0.2761,19.51,3.68,99.3247,mrwy01_leu1_11 ,BT,MRWY01,Lava,2.1,0.78,0.05,0,0,0.02,0.92,0.11
45,57.15,18.72,0.7099,0.0289,0.0299,0.2759,19.19,3.35,99.4547,mrwy01_leu1_12 ,BT,MRWY01,Lava,2.09,0.81,0.04,0,0,0.02,0.9,0.1
46,56.38,20.75,0.383,0.0473,0.0762,0.1363,19.96,2.13,99.8629,mrwy01_leu2_1 ,BT,MRWY01,Lava,2.05,0.89,0.02,0,0,0.01,0.93,0.06
47,56.46,20.88,0.3044,0.0462,0.1285,0.119,20.44,1.67,100.048,mrwy01_leu2_2 ,BT,MRWY01,Lava,2.05,0.9,0.02,0,0,0.01,0.95,0.05
49,56.38,20.98,0.2921,0.0174,0,0.1057,20.31,1.83,99.9153,mrwy01_leu2_4 ,BT,MRWY01,Lava,2.05,0.9,0.02,0,0,0.01,0.94,0.06
50,56.63,20.52,0.3665,0.0292,0,0.1429,20.35,1.83,99.8687,mrwy01_leu2_5 ,BT,MRWY01,Lava,2.06,0.88,0.02,0,0,0.01,0.95,0.06
51,57.43,18.47,0.8021,0.0159,0.0177,0.3063,19.62,3.01,99.6721,mrwy01_leu2_6 ,BT,MRWY01,Lava,2.1,0.8,0.04,0,0,0.02,0.92,0.09
52,57,19.15,0.6364,0.0444,0.0077,0.2653,19.7,2.69,99.4939,mrwy01_leu2_7 ,BT,MRWY01,Lava,2.09,0.83,0.03,0,0,0.02,0.92,0.08
53,57.05,19.29,0.6016,0.0296,0.0377,0.1943,19.98,2.52,99.7032,mrwy01_leu2_8 ,BT,MRWY01,Lava,2.08,0.83,0.03,0,0,0.01,0.93,0.08
55,57.2,19.37,0.6428,0.0871,0,0.2168,19.46,2.79,99.7667,mrwy01_leu2_10 ,BT,MRWY01,Lava,2.08,0.83,0.03,0,0,0.02,0.9,0.09
56,56.64,20.33,0.4905,0.0622,0.0466,0.1774,19.91,2.05,99.7068,mrwy01_leu2_11 ,BT,MRWY01,Lava,2.06,0.87,0.03,0,0,0.01,0.93,0.06
57,56.72,20.49,0.3893,0.0515,0.0522,0.1937,20.13,1.87,99.8968,mrwy01_leu2_12 ,BT,MRWY01,Lava,2.06,0.88,0.02,0,0,0.01,0.93,0.06
58,56.85,20.31,0.401,0.0302,0,0.0896,20.29,1.95,99.9208,mrwy01_leu2_13 ,BT,MRWY01,Lava,2.07,0.87,0.02,0,0,0.01,0.94,0.06
59,56.91,20.29,0.4174,0.0163,0,0.1926,19.99,2.09,99.9063,mrwy01_leu2_14 ,BT,MRWY01,Lava,2.07,0.87,0.02,0,0,0.01,0.93,0.06
60,57.28,18.45,0.7741,0.0288,0,0.278,19.75,3.17,99.7309,mrwy01_leu2_15 ,BT,MRWY01,Lava,2.1,0.8,0.04,0,0,0.02,0.92,0.1
61,56.84,19.98,0.5181,0.0316,0,0.197,19.89,2.34,99.7967,mrwy01_leu2_16 ,BT,MRWY01,Lava,2.07,0.86,0.03,0,0,0.01,0.92,0.07
62,56.98,20.58,0.3996,0.0397,0.0389,0.1903,20.12,2.02,100.3684,mrwy01_leu2_17 ,BT,MRWY01,Lava,2.06,0.88,0.02,0,0,0.01,0.93,0.06
63,57.46,18.91,0.7226,0.0469,0.1015,0.3123,19.63,2.7,99.8833,mrwy01_leu2_18 ,BT,MRWY01,Lava,2.09,0.81,0.04,0,0,0.02,0.91,0.08
81,56.36,19.96,0.5589,0.0167,0.0432,0.0692,20.43,1.94,99.3781,mrwy54_leu1_1 ,ZM,MRWY54,Lava,2.07,0.86,0.03,0,0,0,0.96,0.06
82,56.62,18.56,0.8201,0.022,0.0827,0.1191,19.98,2.68,98.884,mrwy54_leu1_2 ,ZM,MRWY54,Lava,2.09,0.81,0.05,0,0,0.01,0.94,0.08
83,57.01,17.52,1.0307,0.0287,0.0243,0.2182,19.45,3.47,98.752,mrwy54_leu1_3 ,ZM,MRWY54,Lava,2.11,0.76,0.06,0,0,0.02,0.92,0.11
84,56.6,19.98,0.5344,0.0194,0,0.0489,20.16,2.07,99.4128,mrwy54_leu1_4 ,ZM,MRWY54,Lava,2.07,0.86,0.03,0,0,0,0.94,0.06
85,56.04,20.39,0.4787,0.0153,0,0.0254,20.46,1.87,99.2794,mrwy54_leu2_1 ,ZM,MRWY54,Lava,2.06,0.88,0.03,0,0,0,0.96,0.06
86,56.24,19.88,0.5512,0.0213,0,0.0473,20.29,2.01,99.0399,mrwy54_leu2_2 ,ZM,MRWY54,Lava,2.07,0.86,0.03,0,0,0,0.95,0.06
88,56.74,19.67,0.6094,0.0331,0,0.0325,20.21,2.23,99.5251,mrwy54_leu2_4 ,ZM,MRWY54,Lava,2.08,0.85,0.03,0,0,0,0.94,0.07
89,57.74,17.8,1.0282,0.0323,0,0.147,19.69,2.96,99.3976,mrwy54_leu2_5 ,ZM,MRWY54,Lava,2.12,0.77,0.06,0,0,0.01,0.92,0.09
90,55.86,20.19,0.4993,0.0075,0,0.0289,20.54,1.84,98.9658,mrwy54_leu2_6 ,ZM,MRWY54,Lava,2.06,0.88,0.03,0,0,0,0.97,0.06
91,56.62,20.41,0.4695,0.0198,0.0431,0.0354,20.21,1.79,99.5978,mrwy54_leu2_7 ,ZM,MRWY54,Lava,2.07,0.88,0.03,0,0,0,0.94,0.05
92,54.43,0.1731,17.87,25.18,0,0.1585,0.0253,2.33,100.1668,mrwy54_cpx2_1 ,ZM,MRWY54,Lava,1.98,0.01,0.97,0.98,0,0.01,0,0.07
93,54.45,0.2093,17.82,24.38,0.0669,0.2465,0.1179,2.63,99.9206,mrwy54_cpx2_2 ,ZM,MRWY54,Lava,1.99,0.01,0.97,0.95,0,0.02,0.01,0.08
94,54.69,0.1573,18.04,25,0.1534,0.164,0.0295,2.21,100.4441,mrwy54_cpx2_3 ,ZM,MRWY54,Lava,1.98,0.01,0.98,0.97,0,0.01,0,0.07
95,54.11,0.1952,17.99,24.61,0,0.1839,0.0542,2.39,99.5334,mrwy54_cpx2_4 ,ZM,MRWY54,Lava,1.98,0.01,0.98,0.96,0,0.01,0,0.07
96,54.24,0.1669,17.83,24.41,0.0734,0.2646,0.0723,2.73,99.7873,mrwy54_cpx2_5 ,ZM,MRWY54,Lava,1.98,0.01,0.97,0.96,0,0.02,0,0.08
97,54.26,0.142,17.89,24.92,0.0427,0.1896,0.0245,2.12,99.5888,mrwy54_cpx2_6 ,ZM,MRWY54,Lava,1.98,0.01,0.97,0.98,0,0.01,0,0.06
98,56.47,20.66,0.4076,0.0131,0.0676,0.0348,20.44,1.62,99.7132,mrwy54_leu3_1 ,ZM,MRWY54,Lava,2.06,0.89,0.02,0,0,0,0.95,0.05
99,56.44,20.63,0.4504,0.0114,0,0.0584,20.55,1.66,99.8003,mrwy54_leu3_2 ,ZM,MRWY54,Lava,2.06,0.89,0.02,0,0,0,0.96,0.05
100,56.01,20.65,0.4089,0.0227,0.0581,0.0338,20.61,1.6,99.3935,mrwy54_leu3_3 ,ZM,MRWY54,Lava,2.05,0.89,0.02,0,0,0,0.96,0.05
101,56.43,20.56,0.4727,0.0142,0.0153,0.0338,20.44,1.66,99.6261,mrwy54_leu3_4 ,ZM,MRWY54,Lava,2.06,0.88,0.03,0,0,0,0.95,0.05
102,56.45,20.05,0.4772,0.0088,0,0.0176,19.73,1.79,98.5237,mrwy54_leu4_1 ,ZM,MRWY54,Lava,2.08,0.87,0.03,0,0,0,0.93,0.06
103,56.71,19.97,0.6413,0.0432,0.044,0.0798,21.21,1.92,100.6182,mrwy54_leu4_2 ,ZM,MRWY54,Lava,2.06,0.86,0.03,0,0,0.01,0.98,0.06
104,56.68,20.05,0.503,0.0089,0.0156,0.0179,21.47,1.77,100.5153,mrwy54_leu4_3 ,ZM,MRWY54,Lava,2.06,0.86,0.03,0,0,0,1,0.05
105,56.58,20.46,0.4632,0.0071,0.0277,0.0295,21.41,1.79,100.7675,mrwy54_leu4_4 ,ZM,MRWY54,Lava,2.05,0.88,0.03,0,0,0,0.99,0.05
106,55.92,20.33,0.4518,0.0122,0.0287,0.0276,21.36,1.73,99.8604,mrwy54_leu4_5 ,ZM,MRWY54,Lava,2.05,0.88,0.02,0,0,0,1,0.05
107,56.77,20.1,0.5127,0.0051,0.0399,0.0325,21.32,1.97,100.7502,mrwy54_leu4_6 ,ZM,MRWY54,Lava,2.06,0.86,0.03,0,0,0,0.99,0.06
109,56.55,19.96,0.5389,0.0127,0.0541,0.1321,21.02,1.92,100.1878,mrwy54_leu5_2 ,ZM,MRWY54,Lava,2.06,0.86,0.03,0,0,0.01,0.98,0.06
111,56.13,19.88,0.5512,0.0218,0,0.0674,21.37,1.97,99.9905,mrwy54_leu5_4 ,ZM,MRWY54,Lava,2.06,0.86,0.03,0,0,0,1,0.06
112,56.38,20.5,0.4193,0.0117,0,0.0389,21.5,1.68,100.5299,mrwy54_leu5_5 ,ZM,MRWY54,Lava,2.05,0.88,0.02,0,0,0,1,0.05
113,56.61,20.7,0.4085,0.0014,0,0.0443,21.34,1.58,100.6842,mrwy54_leu5_6 ,ZM,MRWY54,Lava,2.05,0.88,0.02,0,0,0,0.99,0.05
114,56.27,20.87,0.3064,0.0333,0.0357,0.037,21.59,1.87,101.0123,mrwy12_leu1_71 ,HM,MRWY12,Lava,2.04,0.89,0.02,0,0,0,1,0.06
115,56.03,20.13,0.433,0.0225,0,0.0507,21.53,2.11,100.3061,mrwy12_leu1_72 ,HM,MRWY12,Lava,2.05,0.87,0.02,0,0,0,1.01,0.06
116,56.09,19.42,0.5165,0.0141,0.0732,0.1012,21.44,2.78,100.4349,mrwy12_leu1_73 ,HM,MRWY12,Lava,2.06,0.84,0.03,0,0,0.01,1,0.09
117,56.31,20.91,0.2901,0.0397,0,0.0743,21.63,1.89,101.1441,mrwy12_leu1_74 ,HM,MRWY12,Lava,2.04,0.89,0.02,0,0,0.01,1,0.06
118,55.81,20.88,0.2698,0.0148,0,0.0408,21.72,1.81,100.5453,mrwy12_leu1_75 ,HM,MRWY12,Lava,2.04,0.9,0.01,0,0,0,1.01,0.06
119,55.54,20.55,0.298,0.0459,0.0298,0.1132,21.37,1.9,99.8469,mrwy12_leu2_1 ,HM,MRWY12,Lava,2.04,0.89,0.02,0,0,0.01,1,0.06
120,55.6,20.81,0.2861,0.01,0,0.0824,21.67,1.78,100.2384,mrwy12_leu2_2 ,HM,MRWY12,Lava,2.04,0.9,0.02,0,0,0.01,1.01,0.05
121,55.52,20.9,0.2599,0.0158,0,0.104,21.6,1.79,100.1896,mrwy12_leu2_3 ,HM,MRWY12,Lava,2.03,0.9,0.01,0,0,0.01,1.01,0.05
122,55.83,21.04,0.2664,0.0277,0,0.0478,21.69,1.91,100.8119,mrwy12_leu2_4 ,HM,MRWY12,Lava,2.03,0.9,0.01,0,0,0,1.01,0.06
123,56.6,20.51,0.4425,0.0071,0.0256,0.0635,21.51,1.64,100.7986,mrwy54_leu6_1 ,ZM,MRWY54,Lava,2.05,0.88,0.02,0,0,0,1,0.05
124,56.48,20.59,0.4151,0.0058,0.0448,0.0289,21.47,1.56,100.5945,mrwy54_leu6_2 ,ZM,MRWY54,Lava,2.05,0.88,0.02,0,0,0,1,0.05
125,56.69,20.57,0.4502,0.0164,0,0.0287,21.6,1.69,101.0452,mrwy54_leu6_3 ,ZM,MRWY54,Lava,2.05,0.88,0.02,0,0,0,1,0.05
126,56.79,20.33,0.4555,0.0041,0.0737,0.0254,21.54,1.71,100.9286,mrwy54_leu6_4 ,ZM,MRWY54,Lava,2.06,0.87,0.02,0,0,0,1,0.05
127,56.58,20.56,0.4127,0.005,0,0.0191,21.73,1.61,100.9167,mrwy54_leu6_5 ,ZM,MRWY54,Lava,2.05,0.88,0.02,0,0,0,1.01,0.05
128,56.88,20.54,0.4229,0,0,0.0244,21.61,1.61,101.0872,mrwy54_leu6_6 ,ZM,MRWY54,Lava,2.06,0.88,0.02,0,0,0,1,0.05
129,56.04,21.15,0.249,0.0119,0,0.0528,21.57,1.72,100.7937,mrwy12_leu4_1 ,HM,MRWY12,Lava,2.04,0.91,0.01,0,0,0,1,0.05
130,55.95,20.76,0.3075,0.0116,0,0.0294,21.72,1.82,100.5984,mrwy12_leu4_2 ,HM,MRWY12,Lava,2.04,0.89,0.02,0,0,0,1.01,0.06
131,56.13,20.3,0.3892,0.0168,0.068,0.0944,21.65,2.23,100.8783,mrwy12_leu4_3 ,HM,MRWY12,Lava,2.05,0.87,0.02,0,0,0.01,1.01,0.07
132,56.37,18.72,0.6459,0.0208,0,0.0659,21.32,3.2,100.3425,mrwy12_leu4_4 ,HM,MRWY12,Lava,2.07,0.81,0.04,0,0,0,1,0.1
133,55.54,21.26,0.2023,0.0102,0,0.0568,21.84,1.5,100.4092,mrwy12_leu4_5 ,HM,MRWY12,Lava,2.03,0.92,0.01,0,0,0,1.02,0.05
