   No. ,   MgO   ,   SiO2  ,   Na2O  ,   Al2O3 ,   Cr2O3 ,   MnO   ,   CaO   ,   TiO2  ,   NiO   ,   FeO   ,K2O,Total,Comment  ,Location,Sample,type,   Mg,   Si,   Na,   Al,   Cr,   Mn,   Ca,   Ti,   Ni,   Fe,K,Mg #
1,51.83,41.17,0.0074,0.0042,0,0.1034,0.0186,0,0.3538,7.16,0.0068,100.6542,mrwy46a_0l1_1 ,STM,MRWY46,XCRYST,1.86,0.99,0,0,0,0,0,0,0.01,0.14,0,0.928076128
2,52,41.16,0.002,0,0.0034,0.0927,0.0179,0.009,0.3912,7.1,0.0026,100.7787,mrwy46a_0l1_2 ,STM,MRWY46,XCRYST,1.87,0.99,0,0,0,0,0,0,0.01,0.14,0,0.928852536
3,51.9,41.08,0.0032,0,0.0142,0.0835,0.0142,0,0.4137,7.15,0.0082,100.6669,mrwy46a_0l1_3 ,STM,MRWY46,XCRYST,1.86,0.99,0,0,0,0,0,0,0.01,0.14,0,0.928259296
4,52.08,41.14,0,0,0,0.0764,0.0218,0,0.3766,7.06,0.0114,100.7661,mrwy46a_0l1_4 ,STM,MRWY46,XCRYST,1.87,0.99,0,0,0,0,0,0,0.01,0.14,0,0.929326032
5,51.8,40.69,0,0,0.0148,0.0922,0.0228,0,0.3668,7.21,0.0044,100.2009,mrwy46a_0l1_5 ,STM,MRWY46,XCRYST,1.87,0.99,0,0,0,0,0,0,0.01,0.15,0,0.927571337
6,52.09,41.15,0.0032,0,0,0.1019,0.0173,0.005,0.3814,7.25,0.0069,101.0056,mrwy46a_0l1_6 ,STM,MRWY46,XCRYST,1.87,0.99,0,0,0,0,0,0,0.01,0.15,0,0.927574718
7,51.99,41.28,0.0113,0,0.0073,0.1103,0.0141,0.0004,0.3968,7.21,0,101.0201,mrwy46a_0l1_7 ,STM,MRWY46,XCRYST,1.86,0.99,0,0,0,0,0,0,0.01,0.14,0,0.927816924
8,52.03,41.48,0.0041,0,0,0.0786,0.0094,0,0.3926,7.16,0.0029,101.1575,mrwy46a_0l1_8 ,STM,MRWY46,XCRYST,1.86,0.99,0,0,0,0,0,0,0.01,0.14,0,0.928332785
9,52.38,41.59,0,0.0023,0.0034,0.0963,0.0194,0,0.3852,7.05,0.0082,101.5348,mrwy46a_0l1_9 ,STM,MRWY46,XCRYST,1.86,0.99,0,0,0,0,0,0,0.01,0.14,0,0.929794935
10,51.89,41.29,0,0.0051,0.003,0.0967,0.0083,0.0017,0.3786,7.23,0.0082,100.9116,mrwy46a_0l1_10 ,STM,MRWY46,XCRYST,1.86,0.99,0,0,0,0,0,0,0.01,0.15,0,0.927501829
11,51.87,41.27,0.0081,0,0,0.0852,0.0187,0.0026,0.379,7.16,0.0045,100.798,mrwy46a_0l1_11 ,STM,MRWY46,XCRYST,1.86,0.99,0,0,0,0,0,0,0.01,0.14,0,0.928127606
12,51.88,41.47,0.0104,0,0,0.0923,0.0225,0,0.3657,7.65,0.0149,101.5058,mrwy46a_0l2_1 ,STM,MRWY46,XCRYST,1.85,0.99,0,0,0,0,0,0,0.01,0.15,0,0.923598427
13,51.58,41.18,0.0007,0.0013,0,0.0895,0.0112,0.0001,0.3706,7.68,0.0082,100.9215,mrwy46a_0l2_2 ,STM,MRWY46,XCRYST,1.85,0.99,0,0,0,0,0,0,0.01,0.15,0,0.922910191
14,51.71,41.11,0.0054,0.0029,0.0093,0.0772,0.0048,0,0.3688,7.83,0.007,101.1254,mrwy46a_0l2_3 ,STM,MRWY46,XCRYST,1.85,0.99,0,0,0,0,0,0,0.01,0.16,0,0.921704537
15,51.75,41.17,0.0011,0,0,0.1028,0.0107,0,0.362,7.75,0.0075,101.154,mrwy46a_0l2_4 ,STM,MRWY46,XCRYST,1.85,0.99,0,0,0,0,0,0,0.01,0.16,0,0.92249775
16,51.47,41.24,0.0095,0,0.007,0.0909,0.0187,0.0057,0.3487,7.75,0.0146,100.9551,mrwy46a_0l2_5 ,STM,MRWY46,XCRYST,1.85,0.99,0,0,0,0,0,0,0.01,0.16,0,0.922108973
17,51.63,41.09,0,0,0.003,0.079,0.0183,0,0.3684,7.77,0.0104,100.969,mrwy46a_0l2_6 ,STM,MRWY46,XCRYST,1.85,0.99,0,0,0,0,0,0,0.01,0.16,0,0.922146778
18,51.73,41.2,0.0026,0.0023,0,0.0908,0.0154,0.0043,0.4011,7.76,0.0092,101.2157,mrwy46a_0l2_7 ,STM,MRWY46,XCRYST,1.85,0.99,0,0,0,0,0,0,0.01,0.16,0,0.922377836
19,51.65,41.26,0,0.0016,0,0.0806,0.0121,0.0153,0.3848,7.69,0.0183,101.1127,mrwy46a_0l2_8 ,STM,MRWY46,XCRYST,1.85,0.99,0,0,0,0,0,0,0.01,0.15,0,0.922914101
20,51.26,40.92,0,0,0.0088,0.0987,0.0146,0.0095,0.3604,7.63,0.0114,100.3133,mrwy46a_0l2_9 ,STM,MRWY46,XCRYST,1.85,0.99,0,0,0,0,0,0,0.01,0.15,0,0.922932131
21,51.75,41.2,0,0.0059,0,0.0928,0.0076,0,0.4072,7.56,0.0301,101.0535,mrwy46a_0l2_10 ,STM,MRWY46,XCRYST,1.86,0.99,0,0,0,0,0,0,0.01,0.15,0,0.924253884
22,51.78,41.25,0,0.0026,0.0026,0.0731,0.0044,0,0.3877,7.82,0.007,101.3274,mrwy46a_0l2_11 ,STM,MRWY46,XCRYST,1.85,0.99,0,0,0,0,0,0,0.01,0.16,0,0.921894175
23,51.51,41.06,0,0,0.006,0.0933,0.0174,0,0.3507,7.72,0.01,100.7673,mrwy46a_0l2_12 ,STM,MRWY46,XCRYST,1.85,0.99,0,0,0,0,0,0,0.01,0.16,0,0.922442681
24,51.89,41.3,0.0003,0,0.0082,0.1122,0.0244,0.0217,0.3649,7.52,0.0026,101.2442,mrwy46a_0l3_1 ,STM,MRWY46,XCRYST,1.86,0.99,0,0,0,0,0,0,0.01,0.15,0,0.924812522
25,51.42,41.35,0.0245,0,0.0075,0.0889,0.0381,0.0094,0.3515,6.95,0.017,100.2568,mrwy46a_0l3_2 ,STM,MRWY46,XCRYST,1.85,1,0,0,0,0,0,0,0.01,0.14,0,0.929519514
26,52.23,41.36,0,0.0055,0,0.1127,0.0068,0.0159,0.3309,7.03,0.0081,101.0998,mrwy46a_0l3_3 ,STM,MRWY46,XCRYST,1.87,0.99,0,0,0,0,0,0,0.01,0.14,0,0.92979318
27,51.96,41.61,0.0022,0.007,0,0.1061,0.0302,0.0103,0.3653,7.06,0.0164,101.1674,mrwy46a_0l3_4 ,STM,MRWY46,XCRYST,1.85,1,0,0,0,0,0,0,0.01,0.14,0,0.929174373
28,52.11,41.57,0.0087,0,0.0122,0.1017,0.0363,0.0229,0.3925,6.99,0.0095,101.2537,mrwy46a_0l3_5 ,STM,MRWY46,XCRYST,1.86,0.99,0,0,0,0,0,0,0.01,0.14,0,0.93001519
29,52.27,41.55,0,0.0022,0.0026,0.0783,0.0208,0.0102,0.3669,7.08,0,101.3809,mrwy46a_0l3_6 ,STM,MRWY46,XCRYST,1.86,0.99,0,0,0,0,0,0,0.01,0.14,0,0.929379394
30,52.05,41.27,0.0016,0,0.0115,0.0986,0.0225,0,0.364,6.96,0.0078,100.7859,mrwy46a_0l3_7 ,STM,MRWY46,XCRYST,1.87,0.99,0,0,0,0,0,0,0.01,0.14,0,0.930219872
31,52.31,41.36,0.0011,0.0074,0,0.1085,0.0127,0,0.3752,7.17,0.0014,101.3462,mrwy46a_0l3_8 ,STM,MRWY46,XCRYST,1.87,0.99,0,0,0,0,0,0,0.01,0.14,0,0.928596557
32,52.19,41.3,0,0,0,0.102,0.0203,0.0027,0.3638,7.02,0.0131,101.0118,mrwy46a_0l3_9 ,STM,MRWY46,XCRYST,1.87,0.99,0,0,0,0,0,0,0.01,0.14,0,0.929836078
33,52.31,41.62,0,0,0,0.1081,0.0199,0.0037,0.3781,7.08,0.0134,101.5331,mrwy46a_0l3_10 ,STM,MRWY46,XCRYST,1.86,0.99,0,0,0,0,0,0,0.01,0.14,0,0.929429584
34,52.21,41.55,0.0041,0.0016,0.003,0.0966,0.0303,0.0041,0.3608,7.07,0.0067,101.3371,mrwy46a_0l3_11 ,STM,MRWY46,XCRYST,1.86,0.99,0,0,0,0,0,0,0.01,0.14,0,0.929396777
35,52.23,41.6,0.0078,0.0053,0,0.0918,0.0052,0,0.3577,7.1,0.0021,101.3998,mrwy46a_0l3_12 ,STM,MRWY46,XCRYST,1.86,0.99,0,0,0,0,0,0,0.01,0.14,0,0.929143642
36,26.66,38.33,0,0,0.0147,0.896,0.4641,0.022,0.0133,32.62,0.0705,99.0907,mrwy47_0L1_1 ,STM,MRWY47,CUMUL,1.1,1.06,0,0,0,0.02,0.01,0,0,0.75,0,0.592976803
37,26.14,37.59,0.0099,0.0018,0.0043,0.9272,0.3646,0.0394,0.0033,34.35,0.0328,99.4633,mrwy47_0L1_2 ,STM,MRWY47,CUMUL,1.08,1.04,0,0,0,0.02,0.01,0,0,0.8,0,0.575642628
38,26.97,37,0.0038,0,0.0099,0.8853,0.3137,0.0644,0.005,34.71,0.0433,100.0053,mrwy47_0L1_3 ,STM,MRWY47,CUMUL,1.11,1.02,0,0,0,0.02,0.01,0,0,0.8,0,0.580723392
39,26.95,37.2,0.0036,0,0,0.824,0.2907,0.0432,0.0281,34.84,0.0335,100.2131,mrwy47_0L1_4 ,STM,MRWY47,CUMUL,1.11,1.03,0,0,0,0.02,0.01,0,0,0.8,0,0.579632153
40,27.6,37.68,0.0037,0,0,0.887,0.3701,0.0436,0.014,33.3,0.1188,100.0171,mrwy47_0L1_5 ,STM,MRWY47,CUMUL,1.13,1.03,0,0,0,0.02,0.01,0,0,0.76,0,0.596356061
41,26.24,36.96,0,0,0.0005,0.7908,0.36,0.0737,0.0271,34.13,0.2875,98.8697,mrwy47_0L1_6 ,STM,MRWY47,CUMUL,1.09,1.03,0,0,0,0.02,0.01,0,0,0.8,0.01,0.578142935
46,27.97,38.44,0.0013,0.0079,0,0.7928,0.4737,0.0481,0.0239,30.75,0.0764,98.5842,mrwy47_0L2_1 ,STM,MRWY47,CUMUL,1.15,1.06,0,0,0,0.02,0.01,0,0,0.71,0,0.618524198
47,26.9,37.9,0.0007,0,0,0.9291,0.4094,0.0466,0.0265,32.65,0.0564,98.9188,mrwy47_0L2_2 ,STM,MRWY47,CUMUL,1.11,1.05,0,0,0,0.02,0.01,0,0,0.76,0,0.594916493
48,27.55,37.46,0.0106,0,0.001,0.8939,0.3553,0.055,0.0103,32.96,0.057,99.3531,mrwy47_0L2_3 ,STM,MRWY47,CUMUL,1.13,1.03,0,0,0,0.02,0.01,0,0,0.76,0,0.59838831
49,27.63,37.71,0,0,0,0.8052,0.4253,0.0793,0.0318,32.91,0.0798,99.6715,mrwy47_0L2_4 ,STM,MRWY47,CUMUL,1.13,1.04,0,0,0,0.02,0.01,0,0,0.76,0,0.599449518
50,28.52,37.77,0.0069,0.0021,0,0.9183,0.4052,0.0578,0.0007,32.26,0.0562,99.9972,mrwy47_0L2_5 ,STM,MRWY47,CUMUL,1.16,1.03,0,0,0,0.02,0.01,0,0,0.74,0,0.611785547
51,22.08,37.54,0,0.0009,0.0068,1.149,0.5762,0.0441,0.0086,37.47,0.1066,98.9823,mrwy47_0L3_1 ,STM,MRWY47,CUMUL,0.93,1.06,0,0,0,0.03,0.02,0,0,0.89,0,0.51229202
52,22.25,37.57,0.0006,0,0,1.1564,0.3819,0.0362,0.0003,36.88,0.1139,98.3894,mrwy47_0L3_2 ,STM,MRWY47,CUMUL,0.94,1.07,0,0,0,0.03,0.01,0,0,0.88,0,0.518171741
53,22.26,37.58,0,0,0.0022,1.1688,0.4441,0.0359,0.0122,38.27,0.114,99.8873,mrwy47_0L3_3 ,STM,MRWY47,CUMUL,0.94,1.06,0,0,0,0.03,0.01,0,0,0.9,0,0.509041871
54,24.03,36.8,0.0048,0.0056,0,1.0803,0.3077,0.0515,0.0201,35.74,0.2442,98.2843,mrwy47_0L4_1 ,STM,MRWY47,CUMUL,1.02,1.05,0,0,0,0.03,0.01,0,0,0.85,0.01,0.545146437
58,23.28,37.2,0.004,0,0,1.0418,0.4536,0.0402,0.0211,36.91,0.0832,99.034,mrwy47_0L6_2 ,STM,MRWY47,CUMUL,0.98,1.05,0,0,0,0.02,0.01,0,0,0.87,0,0.529256165
66,23.73,35.64,0,0.0089,0.0061,1.0095,0.471,0.0544,0.0262,37.9,0.2589,99.105,mrwy47_0L6_10 ,STM,MRWY47,CUMUL,1.01,1.02,0,0,0,0.02,0.01,0,0,0.91,0.01,0.527431264
67,27.03,37.5,0.005,0.0027,0.0004,0.9676,0.5045,0.0416,0.0227,33.8,0.1336,100.008,mrwy47_0L7_1 ,STM,MRWY47,CUMUL,1.11,1.03,0,0,0,0.02,0.01,0,0,0.78,0,0.587716372
68,23.85,37.18,0,0,0,1.0046,0.4504,0.0531,0.0053,36.15,0.0684,98.7619,mrwy47_0L7_2 ,STM,MRWY47,CUMUL,1,1.05,0,0,0,0.02,0.01,0,0,0.85,0,0.54044982
69,26.48,37.29,0.0195,0.0016,0.0003,1.0104,0.5477,0.0292,0.0092,33.46,0.0854,98.9334,mrwy47_0L7_3 ,STM,MRWY47,CUMUL,1.1,1.04,0,0,0,0.02,0.02,0,0,0.78,0,0.585182577
70,23.97,37.37,0.0014,0,0.0044,1.0247,0.4432,0.0433,0,36.42,0.0678,99.3448,mrwy47_0L7_4 ,STM,MRWY47,CUMUL,1,1.05,0,0,0,0.02,0.01,0,0,0.86,0,0.539848151
71,21.5,37.24,0.0052,0,0,1.2103,0.4426,0.0329,0.0171,38.07,0.0918,98.61,mrwy47_0L8_1 ,STM,MRWY47,CUMUL,0.92,1.06,0,0,0,0.03,0.01,0,0,0.91,0,0.501668181
72,22.7,37.41,0.0108,0.0051,0,1.233,0.5254,0.0081,0.0085,36.4,0.1703,98.4713,mrwy47_0L8_2 ,STM,MRWY47,CUMUL,0.96,1.06,0,0,0,0.03,0.02,0,0,0.86,0.01,0.526435958
73,22.01,37.44,0.0128,0.0018,0,1.2767,0.3241,0.0138,0.001,37.92,0.0997,99.1,mrwy47_0L8_3 ,STM,MRWY47,CUMUL,0.93,1.06,0,0,0,0.03,0.01,0,0,0.9,0,0.508515327
76,22.46,36.94,0.0069,0,0.0076,1.1673,0.4349,0.024,0.0073,38.01,0.0449,99.1029,mrwy47_0L8_6 ,STM,MRWY47,CUMUL,0.95,1.05,0,0,0,0.03,0.01,0,0,0.9,0,0.512980345
77,23.35,36.67,0.0067,0.0041,0.003,1.0059,0.2554,0.0396,0,39.17,0.0452,100.5498,mrwy47_0L9_1 ,STM,MRWY47,CUMUL,0.98,1.03,0,0,0,0.02,0.01,0,0,0.92,0,0.51517839
78,27.26,36.89,0.0042,0.0013,0,1.1509,0.4124,0.0442,0.0066,34.35,0.0507,100.1702,mrwy47_0L9_2 ,STM,MRWY47,CUMUL,1.12,1.02,0,0,0,0.03,0.01,0,0,0.79,0,0.585857093
79,24.68,36.98,0,0.0058,0,1.0008,0.3656,0.0534,0,36.75,0.0617,99.8973,mrwy47_0L9_3 ,STM,MRWY47,CUMUL,1.03,1.04,0,0,0,0.02,0.01,0,0,0.86,0,0.54485443
80,27.52,37.04,0.0025,0,0,1.1766,0.4126,0.0187,0.0326,34.87,0.0474,101.1203,mrwy47_0L9_4 ,STM,MRWY47,CUMUL,1.13,1.02,0,0,0,0.03,0.01,0,0,0.8,0,0.584514175
81,32.32,37.34,0.008,0,0,1.36,0.4118,0.0527,0.0527,29.8,0.1248,101.4699,mrwy47_0L9_5 ,STM,MRWY47,CUMUL,1.29,1,0,0,0,0.03,0.01,0,0,0.67,0,0.659086099
83,22.43,36.83,0.0104,0,0,1.2657,0.379,0.0394,0.0036,39.81,0.0367,100.8048,mrwy47_0L10_1 ,STM,MRWY47,CUMUL,0.94,1.04,0,0,0,0.03,0.01,0,0,0.94,0,0.501081897
84,24.38,36.71,0,0,0,1.2653,0.3496,0.0162,0.0017,37.91,0.043,100.6757,mrwy47_0L10_2 ,STM,MRWY47,CUMUL,1.02,1.03,0,0,0,0.03,0.01,0,0,0.89,0,0.534095647
85,20.73,35.88,0,0.009,0,1.1414,0.4613,0.0458,0.004,40.17,0.2586,98.7001,mrwy47_0L11_1 ,STM,MRWY47,CUMUL,0.9,1.04,0,0,0,0.03,0.01,0,0,0.97,0.01,0.479139082
86,21.56,38.43,0.0036,0,0,1.2171,0.1674,0.0209,0.0274,37.31,0.0775,98.814,mrwy47_0L11_2 ,STM,MRWY47,CUMUL,0.91,1.09,0,0,0,0.03,0.01,0,0,0.88,0,0.507405644
88,23.01,36.91,0.0048,0.0057,0,1.2363,0.2622,0,0.0177,38.76,0.0267,100.2333,mrwy47_0L13_1 ,STM,MRWY47,CUMUL,0.97,1.04,0,0,0,0.03,0.01,0,0,0.91,0,0.514142851
89,22.06,37.1,0.0051,0,0,1.2403,0.3637,0.0245,0.0134,38.73,0.0244,99.5615,mrwy47_0L14_1 ,STM,MRWY47,CUMUL,0.93,1.05,0,0,0,0.03,0.01,0,0,0.92,0,0.503799402
90,23.62,37.02,0,0.0005,0,1.1703,0.3296,0.0159,0,37.87,0.0095,100.0357,mrwy47_0L14_2 ,STM,MRWY47,CUMUL,0.99,1.04,0,0,0,0.03,0.01,0,0,0.89,0,0.526470466
91,21.93,36.79,0.0065,0,0.0085,1.1704,0.4451,0.0323,0,39.45,0.0452,99.8781,mrwy47_0L14_3 ,STM,MRWY47,CUMUL,0.93,1.04,0,0,0,0.03,0.01,0,0,0.94,0,0.49771699
93,22.09,37.24,0.0088,0.0018,0.0029,1.29,0.4263,0.0227,0.0111,38.74,0.0184,99.8521,mrwy47_0L14_5 ,STM,MRWY47,CUMUL,0.93,1.05,0,0,0,0.03,0.01,0,0,0.92,0,0.504074595
94,21.67,37.57,0.0079,0.0046,0.0088,1.2627,0.5264,0.0324,0,37.33,0.1371,98.5499,mrwy47_0L15_1 ,STM,MRWY47,CUMUL,0.92,1.07,0,0,0,0.03,0.02,0,0,0.89,0,0.508543645
95,23.95,37.07,0.0094,0,0.0016,1.31,0.3924,0.03,0.0115,37.04,0.0258,99.8408,mrwy47_0L15_2 ,STM,MRWY47,CUMUL,1,1.04,0,0,0,0.03,0.01,0,0,0.87,0,0.535444522
97,24.73,37.13,0.0006,0,0.0012,1.1794,0.3389,0.0362,0,36.94,0.0363,100.3926,mrwy47_0L16_1 ,STM,MRWY47,CUMUL,1.03,1.04,0,0,0,0.03,0.01,0,0,0.86,0,0.544077408
98,22.66,36.52,0.0094,0.0006,0.0151,1.1309,0.3108,0.032,0.0098,39.86,0.0391,100.5876,mrwy47_0L16_2 ,STM,MRWY47,CUMUL,0.95,1.03,0,0,0,0.03,0.01,0,0,0.94,0,0.503318532
99,22.99,36.52,0.0149,0.0024,0.0073,1.2349,0.4144,0.0114,0.0017,38.9,0.0458,100.1428,mrwy47_0L16_3 ,STM,MRWY47,CUMUL,0.97,1.03,0,0,0,0.03,0.01,0,0,0.92,0,0.51302492
100,22.82,36.81,0.0014,0.0004,0,1.1717,0.4275,0.0092,0.0236,38.92,0.0375,100.2212,mrwy47_0L16_4 ,STM,MRWY47,CUMUL,0.96,1.04,0,0,0,0.03,0.01,0,0,0.92,0,0.511042072
101,24.33,36.55,0.0001,0.0019,0,1.1902,0.345,0.0202,0.0183,39.16,0.0219,101.6375,mrwy47_0L16_5 ,STM,MRWY47,CUMUL,1.01,1.02,0,0,0,0.03,0.01,0,0,0.91,0,0.525503029
102,23.5,37.69,0,0,0,1.1393,0.3863,0.0054,0.0328,37.66,0.1957,100.6094,mrwy47_0L16_6 ,STM,MRWY47,CUMUL,0.98,1.05,0,0,0,0.03,0.01,0,0,0.88,0.01,0.526586969
103,23.23,36.94,0,0.0041,0,1.0706,0.3048,0.0117,0.0158,37.89,0.0344,99.5014,mrwy47_0L16_7 ,STM,MRWY47,CUMUL,0.98,1.04,0,0,0,0.03,0.01,0,0,0.9,0,0.522186348
104,22.85,37.36,0,0,0.0047,1.0653,0.4653,0.0368,0.0186,37.92,0.0647,99.7855,mrwy47_0L16_8 ,STM,MRWY47,CUMUL,0.96,1.05,0,0,0,0.03,0.01,0,0,0.89,0,0.517872088
105,22.93,37.93,0,0,0,1.1173,0.2784,0.025,0.0145,36.61,0.0639,98.9692,mrwy47_0L16_9 ,STM,MRWY47,CUMUL,0.96,1.07,0,0,0,0.03,0.01,0,0,0.86,0,0.527514938
106,23.05,37.72,0.0032,0,0,1.1981,0.2263,0.0147,0.0145,36.42,0.108,98.7549,mrwy47_0L16_10 ,STM,MRWY47,CUMUL,0.97,1.07,0,0,0,0.03,0.01,0,0,0.86,0,0.530112035
108,21.38,37.88,0.0022,0,0.0105,1.0242,0.5796,0.0493,0.0166,38.24,0.2147,99.3972,mrwy47_0L16_12 ,STM,MRWY47,CUMUL,0.9,1.07,0,0,0,0.02,0.02,0,0,0.91,0.01,0.499155051
109,22.46,38.2,0,0.0033,0,1.0103,0.2822,0.0271,0.0258,36.48,0.283,98.7718,mrwy47_0L16_13 ,STM,MRWY47,CUMUL,0.94,1.08,0,0,0,0.02,0.01,0,0,0.86,0.01,0.523237789
112,22.94,38.57,0,0.0067,0.0158,1.0277,0.3633,0.0818,0.0213,34.53,0.4516,98.0082,mrwy47_0L16_16 ,STM,MRWY47,CUMUL,0.96,1.09,0,0,0,0.02,0.01,0,0,0.81,0.02,0.542174546
113,24.24,38.01,0,0.0029,0.0017,1.0405,0.4378,0.0262,0.016,35.98,0.117,99.8722,mrwy47_0L16_17 ,STM,MRWY47,CUMUL,1.01,1.06,0,0,0,0.02,0.01,0,0,0.84,0,0.545644396
114,22.92,38.89,0.0022,0.0071,0,1.0519,0.5347,0.0461,0.0078,36.3,0.3505,100.1102,mrwy47_0L16_18 ,STM,MRWY47,CUMUL,0.95,1.08,0,0,0,0.02,0.02,0,0,0.84,0.01,0.529525243
116,26.51,36.39,0.0154,0.0056,0,1.104,0.3262,0.019,0,36.99,0.0352,101.3953,mrwy47_0L17_1 ,STM,MRWY47,CUMUL,1.09,1.01,0,0,0,0.03,0.01,0,0,0.86,0,0.560925944
117,26.82,36.18,0.0058,0,0,1.1613,0.2824,0.0311,0.0305,37.09,0.0299,101.6309,mrwy47_0L17_2 ,STM,MRWY47,CUMUL,1.1,1,0,0,0,0.03,0.01,0,0,0.86,0,0.563123119
118,24.52,36.26,0.0132,0,0,1.0546,0.3306,0.0383,0.017,39.56,0.0479,101.8415,mrwy47_0L17_3 ,STM,MRWY47,CUMUL,1.02,1.01,0,0,0,0.02,0.01,0,0,0.92,0,0.52490861
119,20.59,37.04,0,0,0.004,1.2496,0.2752,0.049,0,39.07,0.2251,98.503,mrwy47_0L17_4 ,STM,MRWY47,CUMUL,0.88,1.07,0,0,0,0.03,0.01,0,0,0.94,0.01,0.484379334
120,21.92,37.45,0.0019,0.0002,0,1.0223,0.4247,0.0099,0.0161,38.83,0.1243,99.7995,mrwy47_0L17_5 ,STM,MRWY47,CUMUL,0.92,1.06,0,0,0,0.02,0.01,0,0,0.92,0,0.50156317
121,21.07,36.6,0.0004,0.0034,0,1.0551,0.2627,0.0381,0,39.54,0.1411,98.7109,mrwy47_0L17_6 ,STM,MRWY47,CUMUL,0.9,1.05,0,0,0,0.03,0.01,0,0,0.95,0.01,0.487148779
122,21.81,37.39,0.0082,0.0035,0,1.0811,0.2667,0.0417,0,37.42,0.2203,98.2416,mrwy47_0L17_7 ,STM,MRWY47,CUMUL,0.93,1.07,0,0,0,0.03,0.01,0,0,0.89,0.01,0.509551248
124,25.29,36.61,0.0031,0,0.0008,1.0716,0.2974,0.025,0.0026,38.1,0.0286,101.4291,mrwy47_0L17_9 ,STM,MRWY47,CUMUL,1.05,1.02,0,0,0,0.03,0.01,0,0,0.88,0,0.54196136
125,24.33,36.25,0.0017,0.0023,0.0042,1.0701,0.2301,0.0212,0.0216,39.48,0.0221,101.4332,mrwy47_0L18_10 ,STM,MRWY47,CUMUL,1.01,1.01,0,0,0,0.03,0.01,0,0,0.92,0,0.523473313
126,24.21,36.28,0.0051,0,0,1.1167,0.2895,0.0209,0.0314,39.51,0.0178,101.4813,mrwy47_0L18_11 ,STM,MRWY47,CUMUL,1.01,1.01,0,0,0,0.03,0.01,0,0,0.92,0,0.522050276
127,27.49,36.76,0,0.0009,0,1.0981,0.5158,0.0594,0.0056,34.96,0.0566,100.9464,mrwy47_0L18_12 ,STM,MRWY47,CUMUL,1.13,1.01,0,0,0,0.03,0.02,0,0,0.8,0,0.583623002
128,21.03,37.44,0.0054,0.0007,0,1.0891,0.2975,0.0336,0,38.78,0.2415,98.9179,mrwy47_0L18_13 ,STM,MRWY47,CUMUL,0.89,1.07,0,0,0,0.03,0.01,0,0,0.93,0.01,0.491523743
129,22.6,35.93,0.0037,0.0031,0,1.1311,0.2964,0.0285,0.0104,41.52,0.0132,101.5363,mrwy47_0L18_14 ,STM,MRWY47,CUMUL,0.95,1.01,0,0,0,0.03,0.01,0,0,0.98,0,0.492455835
130,24.55,36.42,0.0032,0,0.0063,1.2551,0.3658,0.0331,0,38.61,0.0127,101.2561,mrwy47_0L18_15 ,STM,MRWY47,CUMUL,1.02,1.02,0,0,0,0.03,0.01,0,0,0.9,0,0.531270864
131,23.43,36.22,0.0094,0,0.0108,1.1362,0.3348,0.0362,0.0287,40.16,0.0372,101.4033,mrwy47_0L18_16 ,STM,MRWY47,CUMUL,0.98,1.02,0,0,0,0.03,0.01,0,0,0.94,0,0.509796786
132,23.21,36.58,0.0055,0.0038,0,1.1364,0.4205,0.0113,0,39.77,0.0254,101.1628,mrwy47_0L18_17 ,STM,MRWY47,CUMUL,0.97,1.03,0,0,0,0.03,0.01,0,0,0.93,0,0.5098779
133,23.22,38.03,0,0.0011,0,1.0348,0.3777,0.0263,0.0062,37.1,0.104,99.9002,mrwy47_0L18_18 ,STM,MRWY47,CUMUL,0.97,1.06,0,0,0,0.02,0.01,0,0,0.87,0,0.52733357
134,24.29,36.79,0.0032,0,0,1.1604,0.5271,0.0039,0.0261,38.25,0.0192,101.0698,mrwy47_0L18_19 ,STM,MRWY47,CUMUL,1.01,1.03,0,0,0,0.03,0.02,0,0,0.89,0,0.530952262
135,21.67,36.28,0.0051,0.0043,0.0044,1.0462,0.2476,0.0255,0.0186,42.02,0.0276,101.3492,mrwy47_0L18_20 ,STM,MRWY47,CUMUL,0.91,1.03,0,0,0,0.03,0.01,0,0,1,0,0.47896979
2,22.73,36.71,0.0018,0.0052,0.0065,1.259,0.6692,0.0497,0.0079,37.02,0.0149,98.4594,mrwy47_0L19_2 ,STM,MRWY47,CUMUL,0.97,1.05,0,0,0,0.03,0.02,0,0,0.88,0,0.522553114
3,23.58,36.15,0.0002,0,0.0069,1.33,0.649,0.0182,0.0335,37.7,0.0102,99.4679,mrwy47_0L19_3 ,STM,MRWY47,CUMUL,1,1.03,0,0,0,0.03,0.02,0,0,0.9,0,0.527169507
4,21.25,36.52,0.0025,0,0.0058,1.31,0.5622,0.0277,0.0217,38.83,0.0177,98.53,mrwy47_0L19_4 ,STM,MRWY47,CUMUL,0.91,1.05,0,0,0,0.03,0.02,0,0,0.93,0,0.493802851
5,21.57,35.91,0.0154,0,0,1.35,0.6455,0.0257,0.0056,40.36,0,99.8823,mrwy47_0L19_5 ,STM,MRWY47,CUMUL,0.92,1.03,0,0,0,0.03,0.02,0,0,0.97,0,0.487880036
7,25.17,35.67,0.0146,0,0.002,1.51,0.7984,0.0102,0.0096,37.05,0,100.2347,mrwy47_0L19_7 ,STM,MRWY47,CUMUL,1.06,1,0,0,0,0.04,0.02,0,0,0.87,0,0.547712095
1,49.88,41.03,0,0,0.0061,0.0876,0.0027,0.0107,0.5912,8.35,0.0047,99.9584,mrwy263_ol1_1 ,EH,MRWY263,XENO,1.81,1,0,0,0,0,0,0,0.01,0.17,0,0.914150932
2,50.3,41.22,0,0.0035,0.0028,0.1137,0.0033,0.0092,0.6126,8.31,0,100.5751,mrwy263_ol1_2 ,EH,MRWY263,XENO,1.82,1,0,0,0,0,0,0,0.01,0.17,0,0.91518019
3,50.48,41.3,0,0,0.0114,0.1264,0.0345,0.0157,0.5991,7.68,0.0127,100.247,mrwy263_ol1_3 ,EH,MRWY263,XENO,1.82,1,0,0,0,0,0,0,0.01,0.16,0,0.921362441
4,50.05,41.26,0.0029,0,0.0076,0.1057,0.0081,0.0212,0.623,8.15,0.0087,100.2284,mrwy263_ol1_4 ,EH,MRWY263,XENO,1.81,1,0,0,0,0,0,0,0.01,0.17,0,0.916295867
5,49.98,41.21,0,0.0076,0.0011,0.0833,0.0067,0.015,0.6289,8.23,0.0121,100.1625,mrwy263_ol1_5 ,EH,MRWY263,XENO,1.81,1,0,0,0,0,0,0,0.01,0.17,0,0.915435341
6,49.86,41.21,0,0,0.0084,0.0879,0.0033,0.0048,0.5831,8.35,0.0142,100.1074,mrwy263_ol1_6 ,EH,MRWY263,XENO,1.81,1,0,0,0,0,0,0,0.01,0.17,0,0.914119454
7,50.36,41.32,0.0012,0.0038,0.0082,0.1242,0.0778,0.0181,0.5731,7.65,0.0049,100.1363,mrwy263_ol2_1 ,EH,MRWY263,XENO,1.82,1,0,0,0,0,0,0,0.01,0.16,0,0.921473505
8,50.24,41.17,0,0,0.0105,0.1696,0.1363,0.0215,0.5386,7.81,0.0149,100.0964,mrwy263_ol2_2 ,EH,MRWY263,XENO,1.82,1,0,0,0,0,0,0,0.01,0.16,0,0.919786736
9,50.48,41.23,0.0036,0.0099,0.0215,0.1348,0.1123,0.0126,0.5369,7.8,0.001,100.3416,mrwy263_ol2_3 ,EH,MRWY263,XENO,1.82,1,0,0,0,0,0,0,0.01,0.16,0,0.920231741
10,50.72,41.45,0.0008,0.0033,0.0144,0.1276,0.0293,0.0074,0.549,7.61,0.007,100.5117,mrwy263_ol2_4 ,EH,MRWY263,XENO,1.83,1,0,0,0,0,0,0,0.01,0.15,0,0.922363629
11,50.78,41.33,0.0036,0.0054,0.0199,0.1696,0.1057,0.0049,0.2955,7.29,0.0114,100.0045,mrwy263_ol3_1 ,EH,MRWY263,XENO,1.84,1,0,0,0,0,0,0,0.01,0.15,0,0.925466236
12,50.66,41.3,0.0126,0,0.0256,0.1378,0.1329,0,0.4225,7.67,0,100.3613,mrwy263_ol3_2 ,EH,MRWY263,XENO,1.83,1,0,0,0,0,0,0,0.01,0.16,0,0.921714016
13,50.67,41.27,0.0046,0.0088,0.0291,0.1438,0.1296,0.0134,0.43,7.5,0.0099,100.1992,mrwy263_ol3_3 ,EH,MRWY263,XENO,1.83,1,0,0,0,0,0,0,0.01,0.15,0,0.923330083
14,50.61,41.34,0.0011,0.0006,0.018,0.1103,0.0849,0.0165,0.5508,7.51,0.0096,100.2421,mrwy263_ol3_4 ,EH,MRWY263,XENO,1.83,1,0,0,0,0,0,0,0.01,0.15,0,0.923151691
16,50.31,41.33,0.0046,0.0026,0.0342,0.1634,0.0845,0,0.479,7.72,0.0047,100.1283,mrwy263_ol3_6 ,EH,MRWY263,XENO,1.82,1,0,0,0,0,0,0,0.01,0.16,0,0.9207394
17,49.98,41.33,0,0,0,0.0876,0,0.0255,0.6258,8.26,0.0137,100.3088,mrwy263_ol4_1 ,EH,MRWY263,XENO,1.81,1,0,0,0,0,0,0,0.01,0.17,0,0.91515324
18,49.75,41.22,0,0.0037,0.0071,0.1062,0.0112,0.0112,0.5989,8.39,0.0091,100.0983,mrwy263_ol4_2 ,EH,MRWY263,XENO,1.81,1,0,0,0,0,0,0,0.01,0.17,0,0.913569302
19,50.25,41.09,0.0375,0.0053,0,0.1081,0.0211,0.0168,0.5754,8.24,0.004,100.3441,mrwy263_ol4_3 ,EH,MRWY263,XENO,1.82,1,0,0,0,0,0,0,0.01,0.17,0,0.91575785
20,50.62,41.81,0,0.0069,0.0082,0.1039,0.0309,0.015,0.625,8.47,0.0502,101.6898,mrwy263_ol4_4 ,EH,MRWY263,XENO,1.81,1,0,0,0,0,0,0,0.01,0.17,0,0.914186843
21,50.28,41.4,0.0083,0.0037,0.0181,0.0921,0.0085,0.0134,0.6091,8.41,0.0291,100.8431,mrwy263_ol4_5 ,EH,MRWY263,XENO,1.81,1,0,0,0,0,0,0,0.01,0.17,0,0.914215838
22,50.37,41.27,0.007,0,0.0068,0.1049,0.0126,0.0138,0.5904,8.3,0.0061,100.6755,mrwy263_ol4_6 ,EH,MRWY263,XENO,1.82,1,0,0,0,0,0,0,0.01,0.17,0,0.915381394
23,50.48,41.45,0.0006,0,0.0078,0.1457,0.1103,0,0.5529,7.7,0.0061,100.4472,mrwy263_ol4_7 ,EH,MRWY263,XENO,1.82,1,0,0,0,0,0,0,0.01,0.16,0,0.921173798
24,50.57,41.62,0,0.0025,0.01,0.0977,0.0311,0.0187,0.6208,8.17,0.0092,101.1408,mrwy263_ol4_8 ,EH,MRWY263,XENO,1.82,1,0,0,0,0,0,0,0.01,0.16,0,0.916898649
25,50.41,41.25,0.0025,0,0.0047,0.1171,0.005,0.0182,0.6834,8.14,0.008,100.6309,mrwy263_ol4_9 ,EH,MRWY263,XENO,1.82,1,0,0,0,0,0,0,0.01,0.16,0,0.916937484
26,50.37,41.25,0,0.0032,0.0068,0.1117,0.0163,0.0144,0.5631,8.35,0.0114,100.6854,mrwy263_ol4_10 ,EH,MRWY263,XENO,1.82,1,0,0,0,0,0,0,0.01,0.17,0,0.914915015
27,50.29,41.25,0,0.0041,0,0.1053,0.0142,0.0106,0.6297,8.36,0.0099,100.6638,mrwy263_ol4_11 ,EH,MRWY263,XENO,1.82,1,0,0,0,0,0,0,0.01,0.17,0,0.914697856
28,50.11,41.25,0.012,0.0039,0.0031,0.0951,0.0086,0.0062,0.601,8.27,0.0596,100.3598,mrwy263_ol4_12 ,EH,MRWY263,XENO,1.81,1,0,0,0,0,0,0,0.01,0.17,0,0.915260933
29,50.14,41.34,0.0015,0.0072,0.0051,0.1078,0.0169,0.035,0.6229,8.4,0.1747,100.6764,mrwy263_ol4_13 ,EH,MRWY263,XENO,1.81,1,0,0,0,0,0,0,0.01,0.17,0.01,0.91409039
30,50.05,41.22,0.0072,0.0064,0.0079,0.1048,0.037,0.0073,0.632,8.29,0.0528,100.3626,mrwy263_ol4_14 ,EH,MRWY263,XENO,1.81,1,0,0,0,0,0,0,0.01,0.17,0,0.914980252
31,50.12,41.23,0.0001,0.0003,0,0.1201,0.0133,0.0149,0.6249,8.26,0.0709,100.3835,mrwy263_ol4_15 ,EH,MRWY263,XENO,1.81,1,0,0,0,0,0,0,0.01,0.17,0,0.915370185
32,49.85,41.23,0,0,0.008,0.1605,0.0682,0.0145,0.6194,8.39,0.1024,100.3406,mrwy263_ol4_16 ,EH,MRWY263,XENO,1.81,1,0,0,0,0,0,0,0.01,0.17,0,0.913727726
35,50.03,41.18,0.001,0.0007,0.0025,0.0938,0.0093,0.024,0.6156,8.27,0.0898,100.2269,mrwy263_ol5_1 ,EH,MRWY263,XENO,1.81,1,0,0,0,0,0,0,0.01,0.17,0,0.915136931
36,50.18,40.93,0.0044,0,0,0.0849,0.0083,0.0238,0.6169,8.31,0.0423,100.1582,mrwy263_ol5_2 ,EH,MRWY263,XENO,1.82,1,0,0,0,0,0,0,0.01,0.17,0,0.914994595
37,49.73,41.22,0.0614,0.0183,0.0098,0.1039,0.0316,0.0247,0.6521,8.22,0.0697,100.0717,mrwy263_ol5_3 ,EH,MRWY263,XENO,1.81,1,0,0,0,0,0,0,0.01,0.17,0,0.915140802
38,50.03,41.48,0.0042,0,0.0052,0.0887,0.0071,0.0183,0.5819,8.27,0.0498,100.4854,mrwy263_ol5_4 ,EH,MRWY263,XENO,1.81,1.01,0,0,0,0,0,0,0.01,0.17,0,0.915136931
39,49.59,40.75,0.0011,0,0,0.0828,0.0113,0.0217,0.6504,8.35,0.0543,99.4573,mrwy263_ol5_5 ,EH,MRWY263,XENO,1.81,1,0,0,0,0,0,0,0.01,0.17,0,0.913692221
40,50.04,40.95,0.0009,0.001,0.0066,0.0951,0.0109,0.0146,0.5701,8.35,0.0427,100.0392,mrwy263_ol5_6 ,EH,MRWY263,XENO,1.82,1,0,0,0,0,0,0,0.01,0.17,0,0.914401933
41,49.91,40.87,0.0042,0.0039,0.0224,0.0954,0,0.0034,0.5545,8.34,0.0365,99.8039,mrwy263_ol5_7 ,EH,MRWY263,XENO,1.82,1,0,0,0,0,0,0,0.01,0.17,0,0.914292057
43,50.16,41.29,0.0037,0,0.0093,0.0808,0.0171,0.0193,0.5872,8.33,0.0503,100.4973,mrwy263_ol5_9 ,EH,MRWY263,XENO,1.81,1,0,0,0,0,0,0,0.01,0.17,0,0.914776365
45,50.11,41.24,0.002,0,0,0.1091,0.0115,0.0081,0.5886,8.35,0.129,100.4193,mrwy263_ol5_11 ,EH,MRWY263,XENO,1.81,1,0,0,0,0,0,0,0.01,0.17,0,0.914511285
46,50.09,41.15,0.0113,0.0092,0,0.1205,0.0774,0.0195,0.5813,8.19,0.0451,100.2492,mrwy263_ol5_12 ,EH,MRWY263,XENO,1.82,1,0,0,0,0,0,0,0.01,0.17,0,0.915981093
47,49.87,41.26,0.0138,0,0.0168,0.0812,0.0029,0.0177,0.5496,8.31,0.0598,100.1219,mrwy263_ol5_13 ,EH,MRWY263,XENO,1.81,1,0,0,0,0,0,0,0.01,0.17,0,0.91451136
72,51.2,41.67,0.0075,0.0006,0.0237,0.1371,0.1423,0,0.4318,7.43,0.0986,101.0429,mrwy263_cpx3_11 ,EH,MRWY263,XENO,1.83,1,0,0,0,0,0,0,0.01,0.15,0,0.924718856
73,50.64,41.59,0,0.0023,0.0115,0.0972,0.0134,0.0162,0.6007,8.23,0.0471,101.2012,mrwy263_cpx6_1 ,EH,MRWY263,XENO,1.82,1,0,0,0,0,0,0,0.01,0.17,0,0.916445397
74,50.55,41.92,0.0047,0.0005,0.006,0.1095,0.0141,0,0.6382,8.38,0.2279,101.6229,mrwy263_cpx6_2 ,EH,MRWY263,XENO,1.81,1,0,0,0,0,0,0,0.01,0.17,0.01,0.914913521
75,50.54,41.44,0.0036,0.0063,0,0.1031,0.0052,0.0252,0.65,8.25,0.0931,101.0234,mrwy263_cpx6_3 ,EH,MRWY263,XENO,1.82,1,0,0,0,0,0,0,0.01,0.17,0,0.91610756
76,50.37,41.46,0,0.0012,0,0.0734,0.0021,0.0257,0.6246,8.4,0.0565,100.957,mrwy263_cpx6_4 ,EH,MRWY263,XENO,1.81,1,0,0,0,0,0,0,0.01,0.17,0,0.914449112
77,50.4,41.47,0,0.0002,0.0027,0.114,0.0099,0.0271,0.5974,8.39,0.1298,101.0112,mrwy263_cpx6_5 ,EH,MRWY263,XENO,1.81,1,0,0,0,0,0,0,0.01,0.17,0,0.914588777
78,50.34,41.28,0.0004,0,0,0.1152,0.0014,0.0086,0.6327,8.28,0.0637,100.6582,mrwy263_cpx6_6 ,EH,MRWY263,XENO,1.82,1,0,0,0,0,0,0,0.01,0.17,0,0.915522012
79,50.41,41.49,0.0035,0,0.0075,0.1196,0.0321,0.0188,0.5585,7.92,0.0645,100.5599,mrwy263_cpx6_7 ,EH,MRWY263,XENO,1.82,1,0,0,0,0,0,0,0.01,0.16,0,0.919000579
80,50.17,41.58,0.0003,0.0029,0.0029,0.1216,0.0262,0.0157,0.5984,8.08,0.0675,100.5979,mrwy263_cpx6_8 ,EH,MRWY263,XENO,1.81,1.01,0,0,0,0,0,0,0.01,0.16,0,0.917137268
81,50.11,41.25,0,0,0.001,0.0844,0.008,0.0112,0.5724,8.34,0.0928,100.3769,mrwy263_cpx6_9 ,EH,MRWY263,XENO,1.81,1,0,0,0,0,0,0,0.01,0.17,0,0.914604924
82,50.31,41.31,0.0026,0,0.0003,0.0933,0.0065,0.0048,0.5693,8.32,0.3146,100.6167,mrwy263_cpx6_10 ,EH,MRWY263,XENO,1.81,1,0,0,0,0,0,0,0.01,0.17,0.01,0.915102233
83,50.69,41.81,0,0,0,0.1069,0.0157,0.0115,0.6146,7.95,0.0816,101.1986,mrwy263_ol7_1 ,EH,MRWY263,XENO,1.82,1,0,0,0,0,0,0,0.01,0.16,0,0.919131372
84,50.78,41.74,0.0005,0,0.0072,0.1031,0.0173,0.0119,0.6092,8.11,0.0869,101.3792,mrwy263_ol7_2 ,EH,MRWY263,XENO,1.82,1,0,0,0,0,0,0,0.01,0.16,0,0.917771847
85,50.52,41.62,0.0008,0.0026,0.0042,0.0976,0.003,0.0117,0.6201,8.43,0.0766,101.31,mrwy263_ol7_3 ,EH,MRWY263,XENO,1.81,1,0,0,0,0,0,0,0.01,0.17,0,0.914402824
86,49.76,41.15,0.0962,0.0015,0,0.1218,0.1001,0.0256,0.6607,8.26,0.085,100.1758,mrwy263_ol7_4 ,EH,MRWY263,XENO,1.81,1,0,0,0,0,0,0,0.01,0.17,0,0.914810071
113,50.04,41.6,0.0055,0.0063,0.0062,0.0963,0.0027,0.0093,0.6369,8.23,0.0747,100.6332,mrwy263_ol8_1 ,EH,MRWY263,XENO,1.8,1.01,0,0,0,0,0,0,0.01,0.17,0,0.915528172
114,49.97,41.41,0.0009,0.0012,0.0024,0.0831,0.0088,0.0396,0.6073,8.28,0.08,100.4032,mrwy263_ol8_2 ,EH,MRWY263,XENO,1.81,1,0,0,0,0,0,0,0.01,0.17,0,0.9149497
115,49.97,41.21,0.0041,0.0051,0.0051,0.123,0.0016,0.0144,0.593,8.39,0.0312,100.3162,mrwy263_ol8_3 ,EH,MRWY263,XENO,1.81,1,0,0,0,0,0,0,0.01,0.17,0,0.913917069
116,50.18,41.28,0.0022,0.0036,0.001,0.0806,0.0237,0.0007,0.5661,8.27,0.031,100.4078,mrwy263_ol8_4 ,EH,MRWY263,XENO,1.81,1,0,0,0,0,0,0,0.01,0.17,0,0.915369138
117,50.45,41.48,0.0005,0.005,0.0184,0.1147,0.049,0.006,0.5726,7.72,0.0719,100.4162,mrwy263_ol8_5 ,EH,MRWY263,XENO,1.82,1,0,0,0,0,0,0,0.01,0.16,0,0.920941961
118,50.5,41.63,0.0072,0.0022,0.0208,0.1311,0.0731,0.0134,0.6196,7.87,,100.8673,mrwy263_ol9_1 ,EH,MRWY263,XENO,1.82,1,0,0,0,0,0,0,0.01,0.16,0,0.919602738
119,50.53,41.66,0,0.002,0.0173,0.0959,0.0158,0.0103,0.6303,7.97,,100.9316,mrwy263_ol9_2 ,EH,MRWY263,XENO,1.82,1,0,0,0,0,0,0,0.01,0.16,0,0.918708626
120,50.68,41.79,0,0,0.0162,0.1334,0.0581,0.0055,0.5815,7.58,,100.8446,mrwy263_ol9_3 ,EH,MRWY263,XENO,1.82,1.01,0,0,0,0,0,0,0.01,0.15,0,0.922589684
121,50.9,41.72,0.0007,0.005,0.0153,0.1162,0.055,0.0072,0.5656,7.65,,101.035,mrwy263_ol9_4 ,EH,MRWY263,XENO,1.82,1,0,0,0,0,0,0,0.01,0.15,0,0.922241816
122,51.06,41.68,0,0.0057,0.0149,0.0972,0.0149,0.0209,0.613,7.63,,101.1365,mrwy263_ol10_1 ,EH,MRWY263,XENO,1.83,1,0,0,0,0,0,0,0.01,0.15,0,0.922653608
123,50.92,41.84,0.001,0,0.0038,0.1189,0.0025,0.0191,0.545,7.66,,101.1102,mrwy263_ol10_2 ,EH,MRWY263,XENO,1.82,1,0,0,0,0,0,0,0.01,0.15,0,0.922176283
124,50.98,41.82,0,0,0.0034,0.1026,0.005,0.008,0.5349,7.61,,101.0639,mrwy263_ol10_3 ,EH,MRWY263,XENO,1.83,1,0,0,0,0,0,0,0.01,0.15,0,0.922728982
125,51.04,41.86,0.0079,0,0.0065,0.109,0.0081,0,0.5498,7.64,,101.2212,mrwy263_ol10_4 ,EH,MRWY263,XENO,1.83,1,0,0,0,0,0,0,0.01,0.15,0,0.922532093
126,51.1,41.73,0,0.0057,0.0019,0.0906,0.0148,0.0117,0.5822,7.66,,101.1968,mrwy263_ol10_5 ,EH,MRWY263,XENO,1.83,1,0,0,0,0,0,0,0.01,0.15,0,0.922429153
127,51.1,41.95,0.0044,0.0078,0.0038,0.0776,0.0743,0.0049,0.6235,7.56,,101.4062,mrwy263_ol11_1 ,EH,MRWY263,XENO,1.82,1,0,0,0,0,0,0,0.01,0.15,0,0.92336422
128,50.72,41.64,0.0011,0.0211,0.0247,0.1035,0.0718,0,0.6301,7.63,,100.8422,mrwy263_ol11_2 ,EH,MRWY263,XENO,1.82,1,0,0,0,0,0,0,0.01,0.15,0,0.92217547
129,51.05,41.92,0.0021,0.0131,0.0105,0.1066,0.0479,0.0046,0.6095,7.52,,101.2842,mrwy263_ol11_3 ,EH,MRWY263,XENO,1.82,1,0,0,0,0,0,0,0.01,0.15,0,0.923669786
130,51.49,42.02,0,0.0104,0.0283,0.0825,0.0159,0.0114,0.6824,7.14,,101.4808,mrwy249_ol1_1 ,EH,MRWY249,XENO,1.83,1,0,0,0,0,0,0,0.01,0.14,0,0.927823112
131,51.29,41.99,0.0124,0.0184,0.0123,0.1145,0.0197,0.0059,0.655,7.4,,101.5181,mrwy249_ol1_2 ,EH,MRWY249,XENO,1.83,1,0,0,0,0,0,0,0.01,0.15,0,0.92512177
132,51.23,42,0.0021,0.0144,0.0106,0.0963,0.0258,0,0.6399,7.88,,101.899,mrwy249_ol1_3 ,EH,MRWY249,XENO,1.82,1,0,0,0,0,0,0,0.01,0.16,0,0.920564652
133,51.39,42.1,0,0.0134,0.0151,0.1279,0.0258,0,0.6455,7.41,,101.7276,mrwy249_ol1_4 ,EH,MRWY249,XENO,1.83,1,0,0,0,0,0,0,0.01,0.15,0,0.92516314
134,50.85,41.95,0,0.0024,0.0078,0.0747,0.0019,0.0076,0.6002,7.89,,101.3845,mrwy249_ol1_5 ,EH,MRWY249,XENO,1.82,1.01,0,0,0,0,0,0,0.01,0.16,0,0.919925141
135,50.82,41.93,0.0022,0.0099,0.0044,0.0945,0.0195,0.0016,0.6105,7.85,,101.3425,mrwy249_ol2_1 ,EH,MRWY249,XENO,1.82,1.01,0,0,0,0,0,0,0.01,0.16,0,0.920255445
136,50.78,41.92,0,0.0135,0,0.11,0.0031,0.008,0.6315,7.85,,101.316,mrwy249_ol2_2 ,EH,MRWY249,XENO,1.82,1.01,0,0,0,0,0,0,0.01,0.16,0,0.920197642
137,51.45,42.07,0.0082,0.0208,0.0154,0.0885,0.0422,0.0149,0.7224,7.05,,101.4824,mrwy249_ol2_3 ,EH,MRWY249,XENO,1.83,1,0,0,0,0,0,0,0.01,0.14,0,0.928616509
138,50.63,41.91,0,0.0131,0,0.1028,0.0125,0,0.5663,8.09,,101.3246,mrwy249_ol2_4 ,EH,MRWY249,XENO,1.81,1.01,0,0,0,0,0,0,0.01,0.16,0,0.917734925
139,50.49,41.85,0.0099,0.0139,0.0103,0.0703,0.0343,0.0098,0.5869,7.96,,101.0353,mrwy249_ol2_5 ,EH,MRWY249,XENO,1.81,1.01,0,0,0,0,0,0,0.01,0.16,0,0.91874324
140,50.52,41.75,0.0002,0.0016,0.0033,0.0867,0.0004,0,0.6139,7.9,,100.8761,mrwy249_ol2_6 ,EH,MRWY249,XENO,1.81,1.01,0,0,0,0,0,0,0.01,0.16,0,0.919350358
144,50.99,41.71,0.01,0.0734,0.0289,0.109,0.2273,0.027,0.7004,6.08,,99.9561,mrwy249_krug_1 Line 001 ,EH,MRWY249,XENO,1.84,1.01,0,0,0,0,0.01,0,0.01,0.12,0,0.93730172
145,51.74,42.12,0.0027,0.0208,0.0158,0.1138,0.2948,0.005,0.6669,6.15,,101.1297,mrwy249_krug_1 Line 002 ,EH,MRWY249,XENO,1.84,1.01,0,0,0,0,0.01,0,0.01,0.12,0,0.937486831
149,50.83,43.22,0.0069,0.2634,0.0111,0.0903,0.2899,0.0132,0.6621,6.3,,101.6869,mrwy249_krug_1 Line 006 ,EH,MRWY249,XENO,1.79,1.02,0,0.01,0,0,0.01,0,0.01,0.12,0,0.934989316
150,51.14,42.63,0.0011,0.1376,0.0166,0.105,0.2992,0.0307,0.6926,6.16,,101.2128,mrwy249_krug_1 Line 007 ,EH,MRWY249,XENO,1.82,1.02,0,0,0,0,0.01,0,0.01,0.12,0,0.936703489
151,51.39,42.56,0.0047,0.0678,0.0172,0.1223,0.3107,0.0221,0.7459,6.19,,101.4306,mrwy249_krug_1 Line 008 ,EH,MRWY249,XENO,1.82,1.01,0,0,0,0,0.01,0,0.01,0.12,0,0.936704575
155,49.76,42.15,0.0105,0.2908,0.009,0.1276,1.0684,0.0209,0.719,6.26,,100.4162,mrwy249_krug_1 Line 012 ,EH,MRWY249,XENO,1.79,1.01,0,0.01,0,0,0.03,0,0.01,0.13,0,0.93407738
156,47.44,38.32,0.0061,0.0669,0.0137,0.0973,5.84,0.0245,0.6953,5.89,,98.3938,mrwy249_krug_1 Line 013 ,EH,MRWY249,XENO,1.78,0.96,0,0,0,0,0.16,0,0.01,0.12,0,0.934884242
162,51.28,41.33,0.019,0.011,0.024,0.0958,0.1537,0,0.7287,6.08,,99.7223,mrwy249_krug_1 Line 019 ,EH,MRWY249,XENO,1.85,1,0,0,0,0,0,0,0.01,0.12,0,0.93763418
163,51.24,41.47,0.0166,0.0215,0.0111,0.1145,0.1902,0.0278,0.7388,5.92,,99.7506,mrwy249_krug_1 Line 020 ,EH,MRWY249,XENO,1.85,1,0,0,0,0,0,0,0.01,0.12,0,0.939130968
164,50.82,41.52,0.0005,0.0048,0.0115,0.1014,0.031,0.001,0.6211,7.33,,100.4412,mrwy249_ol3_1 ,EH,MRWY249,XENO,1.83,1,0,0,0,0,0,0,0.01,0.15,0,0.925142456
165,50.68,41.85,0.0085,0.0053,0,0.1293,0.0073,0,0.6483,7.85,,101.1786,mrwy249_ol3_2 ,EH,MRWY249,XENO,1.82,1.01,0,0,0,0,0,0,0.01,0.16,0,0.920052768
166,50.84,41.75,0.0068,0.0034,0.0035,0.0884,0.0006,0,0.5903,8.12,,101.403,mrwy249_ol3_3 ,EH,MRWY249,XENO,1.82,1,0,0,0,0,0,0,0.01,0.16,0,0.917767967
167,50.61,41.63,0.0006,0,0.0005,0.0966,0.01,0.0097,0.5927,8.04,,100.9901,mrwy249_ol3_4 ,EH,MRWY249,XENO,1.82,1,0,0,0,0,0,0,0.01,0.16,0,0.918172092
168,50.73,41.42,0,0.0051,0,0.1144,0.0215,0.0045,0.5905,7.86,,100.7459,mrwy249_ol3_5 ,EH,MRWY249,XENO,1.83,1,0,0,0,0,0,0,0.01,0.16,0,0.920031656
169,50.22,41.53,0.0039,0,0.0013,0.1058,0,0.0109,0.6113,8.05,,100.5331,mrwy249_ol3_6 ,EH,MRWY249,XENO,1.81,1.01,0,0,0,0,0,0,0.01,0.16,0,0.917494955
170,50.56,41.61,0,0,0.0153,0.0924,0.0065,0.005,0.671,8.1,,101.0601,mrwy249_ol3_7 ,EH,MRWY249,XENO,1.82,1,0,0,0,0,0,0,0.01,0.16,0,0.91753699
183,51.99,42.1,0.0005,0.0021,0.0045,0.1426,0.0935,0.022,0.7597,6.4,,101.5148,mrwy249_ol4_2 ,EH,MRWY249,XENO,1.85,1,0,0,0,0,0,0,0.01,0.13,0,0.935402414
184,51.96,42.19,0.0027,0.0026,0.0144,0.0858,0.1239,0.0117,0.6933,6.5,,101.5843,mrwy249_ol4_3 ,EH,MRWY249,XENO,1.84,1,0,0,0,0,0,0,0.01,0.13,0,0.93442387
185,51.96,42.22,0.0081,0.0057,0.016,0.1063,0.1145,0,0.7635,6.3,,101.494,mrwy249_ol4_4 ,EH,MRWY249,XENO,1.84,1.01,0,0,0,0,0,0,0.01,0.13,0,0.936313094
187,50.82,42.1,0,0.0048,0.008,0.095,0.0042,0,0.6027,8.03,,101.6646,mrwy249_ol5_2 ,EH,MRWY249,XENO,1.81,1.01,0,0,0,0,0,0,0.01,0.16,0,0.918575795
188,51.44,42.16,0,0.0053,0,0.0898,0.0235,0,0.6789,7.29,,101.6874,mrwy249_ol5_3 ,EH,MRWY249,XENO,1.83,1.01,0,0,0,0,0,0,0.01,0.15,0,0.92635211
189,51.65,42.19,0,0.0022,0.0185,0.1316,0.0526,0,0.5912,7.35,,101.986,mrwy249_ol6_1 ,EH,MRWY249,XENO,1.83,1,0,0,0,0,0,0,0.01,0.15,0,0.926070352
190,50.87,41.91,0,0.0081,0.001,0.1189,0.0028,0.0079,0.6251,8.1,,101.6437,mrwy249_ol6_2 ,EH,MRWY249,XENO,1.82,1,0,0,0,0,0,0,0.01,0.16,0,0.917998309
191,51.43,42.01,0,0.0005,0.0275,0.0912,0.0165,0,0.6071,7.21,,101.3928,mrwy249_ol6_3 ,EH,MRWY249,XENO,1.83,1,0,0,0,0,0,0,0.01,0.14,0,0.927088259
192,51.81,42.15,0,0.0033,0.0096,0.1038,0.038,0,0.6805,7.13,,101.9251,mrwy249_ol6_4 ,EH,MRWY249,XENO,1.84,1,0,0,0,0,0,0,0.01,0.14,0,0.92833022
193,51.22,42.03,0,0.0021,0.0058,0.0989,0.0081,0,0.65,7.92,,101.9348,mrwy249_ol6_5 ,EH,MRWY249,XENO,1.82,1,0,0,0,0,0,0,0.01,0.16,0,0.920179269
194,50.99,41.97,0.001,0.0117,0.0074,0.098,0.0141,0.0108,0.5811,7.9,,101.5841,mrwy249_ol7_1 ,EH,MRWY249,XENO,1.82,1,0,0,0,0,0,0,0.01,0.16,0,0.9200343
195,50.87,42.12,0.0025,0.0108,0,0.1055,0.0164,0.0165,0.5693,7.88,,101.591,mrwy249_ol7_2 ,EH,MRWY249,XENO,1.81,1.01,0,0,0,0,0,0,0.01,0.16,0,0.920047445
200,51.14,41.95,0.0009,0.0084,0,0.1082,0.0397,0.0065,0.6257,7.57,,101.4493,mrwy249_ol7_7 ,EH,MRWY249,XENO,1.82,1,0,0,0,0,0,0,0.01,0.15,0,0.923326041
205,51.74,42.27,0.0093,0,0.001,0.1135,0.0083,0.0025,0.617,7.13,,101.8915,mrwy249_ol7_12 ,EH,MRWY249,XENO,1.83,1,0,0,0,0,0,0,0.01,0.14,0,0.928240215
206,51.78,42.18,0.005,0.0015,0.0032,0.1031,0.0028,0,0.6514,7.19,,101.9169,mrwy249_ol7_13 ,EH,MRWY249,XENO,1.84,1,0,0,0,0,0,0,0.01,0.14,0,0.927731847
207,51.9,41.97,0.0013,0.0025,0.0107,0.1049,0.0078,0.004,0.6068,7.07,,101.6779,mrwy249_ol7_14 ,EH,MRWY249,XENO,1.84,1,0,0,0,0,0,0,0.01,0.14,0,0.929005002
209,51.85,42.33,0.0061,0.0028,0.0038,0.081,0.0118,0.0016,0.5714,7.13,,101.9885,mrwy249_ol7_16 ,EH,MRWY249,XENO,1.84,1.01,0,0,0,0,0,0,0.01,0.14,0,0.92838155
210,50.03,41.6,0.0047,0.0034,0.0035,0.2542,0.1553,0.0036,0.5493,8.43,,101.034,mrwy249_ol8_L Line 001 ,EH,MRWY249,XENO,1.8,1,0,0,0,0.01,0,0,0.01,0.17,0,0.913636877
211,50.4,41.65,0,0.0019,0.0163,0.201,0.1091,0,0.6285,8.18,,101.1867,mrwy249_ol8_L Line 002 ,EH,MRWY249,XENO,1.81,1,0,0,0,0,0,0,0.01,0.16,0,0.916548198
212,50.33,41.77,0,0.0007,0.0104,0.2278,0.1162,0,0.6028,8.23,,101.2878,mrwy249_ol8_L Line 003 ,EH,MRWY249,XENO,1.81,1,0,0,0,0,0,0,0.01,0.17,0,0.915973999
213,50.06,41.5,0,0.0019,0.0112,0.2139,0.1201,0.0158,0.5283,8.25,,100.7011,mrwy249_ol8_L Line 004 ,EH,MRWY249,XENO,1.81,1,0,0,0,0,0,0,0.01,0.17,0,0.915371234
214,50.13,41.46,0.0014,0.0084,0.0098,0.2274,0.1327,0.0043,0.4926,8.19,,100.6566,mrwy249_ol8_L Line 005 ,EH,MRWY249,XENO,1.81,1,0,0,0,0,0,0,0.01,0.17,0,0.916042506
215,49.83,41.65,0.004,0.0077,0.0011,0.2392,0.1433,0.0048,0.5626,8.35,,100.7926,mrwy249_ol8_L Line 006 ,EH,MRWY249,XENO,1.8,1.01,0,0,0,0,0,0,0.01,0.17,0,0.914072192
216,49.71,41.39,0.0044,0.0061,0.0096,0.24,0.1689,0.0182,0.5591,8.44,,100.5462,mrwy249_ol8_L Line 007 ,EH,MRWY249,XENO,1.8,1,0,0,0,0,0,0,0.01,0.17,0,0.913035136
217,48.97,41.65,0.0073,0.0128,0.0014,0.2733,0.3849,0.0167,0.5719,8.63,,100.5183,mrwy249_ol8_L Line 008 ,EH,MRWY249,XENO,1.77,1.01,0,0,0,0.01,0.01,0,0.01,0.18,0,0.910030693
230,48.43,41.45,0.0031,0,0.0147,0.121,0.0084,0.003,0.6198,10.46,,101.1099,mrwy300_ol1_1 ,EH,MRWY300,XENO,1.76,1.01,0,0,0,0,0,0,0.01,0.21,0,0.891929893
231,48.39,41.26,0.0039,0.0051,0.012,0.1054,0.0068,0.0087,0.5841,10.52,,100.8959,mrwy300_ol1_2 ,EH,MRWY300,XENO,1.76,1.01,0,0,0,0,0,0,0.01,0.21,0,0.891297295
232,48.86,41.53,0,0.0094,0.0054,0.1488,0.0235,0,0.6439,10.13,,101.3509,mrwy300_ol1_3 ,EH,MRWY300,XENO,1.77,1.01,0,0,0,0,0,0,0.01,0.21,0,0.895809248
233,48.63,41.43,0.0021,0.0048,0,0.0856,0.0092,0.0137,0.7196,10.55,,101.4449,mrwy300_ol1_4 ,EH,MRWY300,XENO,1.76,1.01,0,0,0,0,0,0,0.01,0.21,0,0.891500569
234,48.74,41.38,0,0.0077,0.0126,0.1068,0.0198,0.004,0.6647,10.53,,101.4655,mrwy300_ol1_5 ,EH,MRWY300,XENO,1.76,1,0,0,0,0,0,0,0.01,0.21,0,0.891902006
235,48.47,41.3,0,0.0131,0.0147,0.0904,0,0.0208,0.6766,10.5,,101.0855,mrwy300_ol1_6 ,EH,MRWY300,XENO,1.76,1.01,0,0,0,0,0,0,0.01,0.21,0,0.89164123
236,48.53,41.52,0,0.0053,0,0.1085,0.0084,0.0078,0.6537,10.68,,101.5136,mrwy300_ol1_7 ,EH,MRWY300,XENO,1.75,1.01,0,0,0,0,0,0,0.01,0.22,0,0.890109073
237,48.46,41.31,0.0001,0.0034,0.0039,0.1052,0.0123,0.0071,0.6455,10.62,,101.1675,mrwy300_ol1_8 ,EH,MRWY300,XENO,1.76,1.01,0,0,0,0,0,0,0.01,0.22,0,0.890518284
238,48.71,41.48,0,0.009,0.0079,0.1191,0,0.0096,0.6933,10.73,,101.7588,mrwy300_ol1_9 ,EH,MRWY300,XENO,1.76,1,0,0,0,0,0,0,0.01,0.22,0,0.8900143
242,50.23,42.29,0.0145,0.0158,0.022,0.1597,0.1936,0.0692,0.3849,7.55,,100.9297,mrwy300_ol1_13 ,EH,MRWY300,XENO,1.8,1.02,0,0,0,0,0,0,0.01,0.15,0,0.922235191
243,48.64,41.54,0.0058,0.0108,0,0.0953,0.0546,0,0.6286,10.57,,101.5451,mrwy300_ol2_1 ,EH,MRWY300,XENO,1.76,1.01,0,0,0,0,0,0,0.01,0.21,0,0.891337154
244,48.83,41.36,0.0004,0.0048,0,0.0962,0.0101,0.0036,0.682,10.6,,101.587,mrwy300_ol2_2 ,EH,MRWY300,XENO,1.76,1,0,0,0,0,0,0,0.01,0.21,0,0.891440207
245,48.85,41.38,0,0.0095,0.0059,0.1315,0,0.0059,0.614,10.57,,101.5667,mrwy300_ol2_3 ,EH,MRWY300,XENO,1.76,1,0,0,0,0,0,0,0.01,0.21,0,0.891753717
246,48.65,41.35,0,0.0014,0,0.0763,0.0011,0,0.6125,10.58,,101.2713,mrwy300_ol2_4 ,EH,MRWY300,XENO,1.76,1,0,0,0,0,0,0,0.01,0.21,0,0.891265455
247,48.64,41.52,0,0.0065,0.0064,0.0941,0.0069,0.0113,0.6413,10.6,,101.5264,mrwy300_ol2_5 ,EH,MRWY300,XENO,1.76,1.01,0,0,0,0,0,0,0.01,0.21,0,0.891062342
248,48.35,41.35,0,0,0,0.091,0,0.0009,0.6583,10.69,,101.1402,mrwy300_ol2_6 ,EH,MRWY300,XENO,1.75,1.01,0,0,0,0,0,0,0.01,0.22,0,0.889653228
249,50.7,41.9,0.0101,0,0.0367,0.2031,0.1334,0,0.284,7.9,,101.1673,mrwy300_krug1_1 ,EH,MRWY300,XENO,1.81,1.01,0,0,0,0,0,0,0.01,0.16,0,0.919613671
250,50.78,42.03,0.0069,0.0037,0.0291,0.1529,0.1498,0.0198,0.3394,8.11,,101.6215,mrwy300_krug1_2 ,EH,MRWY300,XENO,1.81,1.01,0,0,0,0,0,0,0.01,0.16,0,0.917771847
251,51.04,42.14,0,0.0116,0.0136,0.1747,0.1564,0.01,0.3139,7.95,,101.8101,mrwy300_krug1_3 ,EH,MRWY300,XENO,1.82,1.01,0,0,0,0,0,0,0.01,0.16,0,0.919641356
255,50.74,41.98,0.0072,0.0062,0.0178,0.1633,0.1546,0.0076,0.3822,8.01,,101.4689,mrwy300_krug1_7 ,EH,MRWY300,XENO,1.81,1.01,0,0,0,0,0,0,0.01,0.16,0,0.918644455
258,50.38,41.91,0.0003,0.0032,0.0303,0.1815,0.132,0,0.3802,8.08,,101.0975,mrwy300_krug2_1 ,EH,MRWY300,XENO,1.81,1.01,0,0,0,0,0,0,0.01,0.16,0,0.917454155
259,50.54,42.01,0.0051,0.0027,0.0311,0.1651,0.1366,0.0143,0.3093,7.92,,101.1341,mrwy300_krug2_2 ,EH,MRWY300,XENO,1.81,1.01,0,0,0,0,0,0,0.01,0.16,0,0.919192091
263,50.39,41.86,0.0118,0.0095,0.0339,0.1933,0.1504,0.0074,0.3764,7.78,,100.8126,mrwy300_krug2_6 ,EH,MRWY300,XENO,1.81,1.01,0,0,0,0,0,0,0.01,0.16,0,0.920289193
264,50.56,41.82,0.0078,0.0078,0.0167,0.1734,0.1407,0,0.3802,7.92,,101.0266,mrwy300_krug2_7 ,EH,MRWY300,XENO,1.81,1.01,0,0,0,0,0,0,0.01,0.16,0,0.919221474
285,51.67,41.9,0.0088,0.0081,0.0442,0.1037,0.0841,0.0003,0.4037,6.66,,100.8828,mrwy300_krug4_14 ,EH,MRWY300,XENO,1.85,1,0,0,0,0,0,0,0.01,0.13,0,0.932566859
286,51.58,41.68,0.0034,0.0076,0.0458,0.1629,0.1048,0.0312,0.4299,7.04,,101.0855,mrwy300_krug4_15 ,EH,MRWY300,XENO,1.84,1,0,0,0,0,0,0,0.01,0.14,0,0.92887744
287,51.27,41.71,0.0142,0.0049,0.0325,0.1368,0.095,0.0027,0.4254,7.07,,100.7614,mrwy300_krug4_16 ,EH,MRWY300,XENO,1.84,1,0,0,0,0,0,0,0.01,0.14,0,0.928195264
227,50.97,41.935,0,0.025,0.017,0.103,0.008,0,0.646,7.612,,101.316,mrwy143_px1_1 ,IB,MRWY143,XENO,1.82,1.01,0,0,0,0,0,0,0.01,0.15,0,0.922696252
228,51.006,41.846,0.002,0.002,0,0.076,0.001,0,0.662,7.295,,100.89,mrwy143_px1_2 ,IB,MRWY143,XENO,1.83,1.01,0,0,0,0,0,0,0.01,0.15,0,0.92572484
229,51.057,41.843,0,0,0,0.076,0.007,0,0.651,7.313,,100.947,mrwy143_px1_3 ,IB,MRWY143,XENO,1.83,1.01,0,0,0,0,0,0,0.01,0.15,0,0.925624045
230,51.072,41.76,0.003,0.005,0.007,0.1,0.01,0.004,0.675,7.39,,101.026,mrwy143_px1_4 ,IB,MRWY143,XENO,1.83,1,0,0,0,0,0,0,0.01,0.15,0,0.92492014
231,51.17,41.718,0,0,0,0.09,0.008,0.016,0.591,7.334,,100.927,mrwy143_px1_5 ,IB,MRWY143,XENO,1.83,1,0,0,0,0,0,0,0.01,0.15,0,0.925578821
232,51.045,41.747,0,0.011,0,0.083,0,0.019,0.694,7.286,,100.885,mrwy143_px1_6 ,IB,MRWY143,XENO,1.83,1,0,0,0,0,0,0,0.01,0.15,0,0.925862158
233,50.348,41.717,0,0,0,0.087,0.013,0,0.59,7.45,,100.205,mrwy143_px1_7 ,IB,MRWY143,XENO,1.82,1.01,0,0,0,0,0,0,0.01,0.15,0,0.923352299
234,51.003,41.595,0,0.001,0,0.095,0,0.014,0.64,7.329,,100.677,mrwy143_px1_8 ,IB,MRWY143,XENO,1.83,1,0,0,0,0,0,0,0.01,0.15,0,0.925400427
235,49.157,43.02,0.008,0.059,0.006,0.078,0.045,0.003,0.715,7.841,,100.932,mrwy143_px1_9 ,IB,MRWY143,XENO,1.76,1.03,0,0,0,0,0,0,0.01,0.16,0,0.917865993
236,50.98,41.838,0,0.019,0,0.087,0.015,0,0.593,7.463,,100.995,mrwy143_px1_10 ,IB,MRWY143,XENO,1.83,1.01,0,0,0,0,0,0,0.01,0.15,0,0.924108325
237,51.119,41.857,0.005,0.014,0.001,0.078,0.01,0,0.579,7.314,,100.977,mrwy143_px1_11 ,IB,MRWY143,XENO,1.83,1,0,0,0,0,0,0,0.01,0.15,0,0.925698147
238,51.081,42.021,0.001,0.007,0.001,0.084,0.018,0.003,0.609,7.433,,101.258,mrwy143_px1_12 ,IB,MRWY143,XENO,1.82,1.01,0,0,0,0,0,0,0.01,0.15,0,0.924528547
239,51.019,41.904,0,0.002,0.009,0.084,0.014,0,0.643,7.433,,101.108,mrwy143_px1_13 ,IB,MRWY143,XENO,1.83,1.01,0,0,0,0,0,0,0.01,0.15,0,0.924443761
240,51.004,41.801,0,0.006,0.004,0.081,0.007,0.004,0.683,7.39,,100.98,mrwy143_px1_14 ,IB,MRWY143,XENO,1.83,1,0,0,0,0,0,0,0.01,0.15,0,0.924827566
241,50.706,41.707,0,0.01,0.007,0.105,0.006,0,0.629,7.496,,100.666,mrwy143_px1_15 ,IB,MRWY143,XENO,1.82,1.01,0,0,0,0,0,0,0.01,0.15,0,0.923418081
242,50.672,41.878,0.003,0.008,0.005,0.119,0.001,0,0.632,7.582,,100.9,mrwy143_px1_16 ,IB,MRWY143,XENO,1.82,1.01,0,0,0,0,0,0,0.01,0.15,0,0.922559563
243,50.715,41.403,0.002,0.007,0,0.085,0.009,0,0.659,7.388,,100.268,mrwy143_px1_17 ,IB,MRWY143,XENO,1.83,1,0,0,0,0,0,0,0.01,0.15,0,0.924450473
244,51.045,41.997,0,0.007,0.007,0.089,0.011,0,0.636,7.431,,101.223,mrwy143_px1_18 ,IB,MRWY143,XENO,1.82,1.01,0,0,0,0,0,0,0.01,0.15,0,0.924498126
245,51.231,41.921,0,0,0.004,0.086,0.004,0,0.607,7.381,,101.234,mrwy143_px1_19 ,IB,MRWY143,XENO,1.83,1,0,0,0,0,0,0,0.01,0.15,0,0.925220069
246,50.983,41.933,0,0.004,0.003,0.095,0.014,0.015,0.625,7.386,,101.058,mrwy143_px1_20 ,IB,MRWY143,XENO,1.82,1.01,0,0,0,0,0,0,0.01,0.15,0,0.924836575
247,51.192,42.057,0.002,0,0.002,0.083,0.007,0,0.584,7.336,,101.263,mrwy143_ol1_1 ,IB,MRWY143,XENO,1.83,1.01,0,0,0,0,0,0,0.01,0.15,0,0.925589648
248,51.329,41.994,0.004,0,0.006,0.1,0.007,0,0.644,7.346,,101.43,mrwy143_ol1_2 ,IB,MRWY143,XENO,1.83,1,0,0,0,0,0,0,0.01,0.15,0,0.92567985
249,51.282,42.006,0.002,0.001,0.007,0.102,0.009,0.001,0.612,7.504,,101.526,mrwy143_ol1_3 ,IB,MRWY143,XENO,1.83,1,0,0,0,0,0,0,0.01,0.15,0,0.924138314
250,51.359,42.244,0,0.001,0.011,0.089,0.014,0.009,0.587,7.472,,101.786,mrwy143_ol1_4 ,IB,MRWY143,XENO,1.82,1.01,0,0,0,0,0,0,0.01,0.15,0,0.924542112
251,51.315,42.01,0.001,0,0,0.081,0.008,0.008,0.66,7.427,,101.51,mrwy143_ol1_5 ,IB,MRWY143,XENO,1.83,1,0,0,0,0,0,0,0.01,0.15,0,0.924902946
252,51.52,42.124,0,0.008,0,0.075,0.002,0.004,0.603,7.4,,101.736,mrwy143_ol1_6 ,IB,MRWY143,XENO,1.83,1,0,0,0,0,0,0,0.01,0.15,0,0.925431121
253,51.305,41.932,0.007,0,0.002,0.081,0.008,0,0.618,7.391,,101.344,mrwy143_ol1_7 ,IB,MRWY143,XENO,1.83,1,0,0,0,0,0,0,0.01,0.15,0,0.925226259
254,51.377,41.967,0,0.006,0,0.082,0.012,0,0.646,7.402,,101.492,mrwy143_ol1_8 ,IB,MRWY143,XENO,1.83,1,0,0,0,0,0,0,0.01,0.15,0,0.925220392
255,50.991,41.993,0,0.011,0.001,0.11,0.01,0,0.651,7.431,,101.198,mrwy143_ol1_9 ,IB,MRWY143,XENO,1.82,1.01,0,0,0,0,0,0,0.01,0.15,0,0.924424211
256,51.214,41.944,0.003,0.008,0.001,0.092,0.013,0,0.642,7.474,,101.391,mrwy143_ol1_10 ,IB,MRWY143,XENO,1.83,1,0,0,0,0,0,0,0.01,0.15,0,0.924325916
257,51.409,41.886,0.001,0.003,0.005,0.163,0.061,0,0.607,7.073,,101.208,mrwy143_ol1_11 ,IB,MRWY143,XENO,1.84,1,0,0,0,0,0,0,0.01,0.14,0,0.92834729
258,51.083,41.832,0.001,0.011,0.003,0.072,0.017,0,0.625,7.509,,101.153,mrwy143_ol1_12 ,IB,MRWY143,XENO,1.83,1,0,0,0,0,0,0,0.01,0.15,0,0.92381842
259,51.119,41.905,0,0.001,0,0.106,0.013,0,0.633,7.354,,101.131,mrwy143_ol1_13 ,IB,MRWY143,XENO,1.83,1.01,0,0,0,0,0,0,0.01,0.15,0,0.925322138
260,51.113,41.695,0.003,0.012,0.009,0.099,0.013,0,0.612,7.479,,101.035,mrwy143_ol1_14 ,IB,MRWY143,XENO,1.83,1,0,0,0,0,0,0,0.01,0.15,0,0.92414085
261,51.01,41.606,0.004,0.011,0,0.119,0.01,0.002,0.633,7.382,,100.777,mrwy143_ol1_15 ,IB,MRWY143,XENO,1.83,1,0,0,0,0,0,0,0.01,0.15,0,0.924911002
262,51.273,41.703,0,0,0.012,0.08,0,0,0.643,7.45,,101.161,mrwy143_ol1_16 ,IB,MRWY143,XENO,1.83,1,0,0,0,0,0,0,0.01,0.15,0,0.924630858
263,50.998,41.824,0.009,0.008,0.008,0.094,0.009,0.008,0.597,7.313,,100.868,mrwy143_ol1_17 ,IB,MRWY143,XENO,1.83,1.01,0,0,0,0,0,0,0.01,0.15,0,0.925544406
264,51.172,41.588,0.001,0.014,0.009,0.078,0.007,0.003,0.644,7.407,,100.923,mrwy143_ol1_18 ,IB,MRWY143,XENO,1.84,1,0,0,0,0,0,0,0.01,0.15,0,0.924896411
265,51.288,41.557,0.005,0.01,0.026,0.103,0.016,0,0.581,7.455,,101.041,mrwy143_ol1_19 ,IB,MRWY143,XENO,1.84,1,0,0,0,0,0,0,0.01,0.15,0,0.924604483
266,50.929,41.507,0,0.005,0,0.096,0.011,0,0.627,7.34,,100.515,mrwy143_ol1_20 ,IB,MRWY143,XENO,1.83,1,0,0,0,0,0,0,0.01,0.15,0,0.925196401
267,51.197,41.445,0,0.008,0,0.074,0.012,0,0.634,7.267,,100.637,mrwy143_ol1_21 ,IB,MRWY143,XENO,1.84,1,0,0,0,0,0,0,0.01,0.15,0,0.926244575
268,51.392,41.723,0.003,0.008,0.008,0.128,0.086,0.005,0.553,6.978,,100.884,mrwy143_ol1_22 ,IB,MRWY143,XENO,1.84,1,0,0,0,0,0,0,0.01,0.14,0,0.929219836
269,51.039,41.989,0.011,0,0.006,0.079,0.014,0.001,0.576,7.34,,101.055,mrwy143_ol1_23 ,IB,MRWY143,XENO,1.82,1.01,0,0,0,0,0,0,0.01,0.15,0,0.925345583
270,51.125,41.745,0,0.003,0,0.085,0.005,0,0.634,7.302,,100.899,mrwy143_ol1_24 ,IB,MRWY143,XENO,1.83,1,0,0,0,0,0,0,0.01,0.15,0,0.92581907
271,51.151,42.033,0,0.002,0,0.094,0.007,0,0.637,7.344,,101.268,mrwy143_ol1_25 ,IB,MRWY143,XENO,1.83,1.01,0,0,0,0,0,0,0.01,0.15,0,0.925459293
272,50.447,41.121,0.001,0,0,0.085,0.008,0,0.575,7.446,,99.683,mrwy143_ol1_26 ,IB,MRWY143,XENO,1.83,1,0,0,0,0,0,0,0.01,0.15,0,0.923529146
273,51.241,42.075,0.001,0.015,0,0.088,0.006,0,0.599,7.487,,101.512,mrwy143_ol2_1 ,IB,MRWY143,XENO,1.83,1.01,0,0,0,0,0,0,0.01,0.15,0,0.924241181
274,51.27,41.886,0.002,0.004,0.004,0.121,0.04,0,0.617,7.444,,101.388,mrwy143_ol2_2 ,IB,MRWY143,XENO,1.83,1,0,0,0,0,0,0,0.01,0.15,0,0.924682911
275,50.983,41.924,0,0.014,0,0.138,0.017,0.006,0.631,7.47,,101.183,mrwy143_ol2_3 ,IB,MRWY143,XENO,1.82,1.01,0,0,0,0,0,0,0.01,0.15,0,0.924046678
276,49.587,41.586,0.04,0.214,0.012,0.16,0.11,0.038,0.572,7.559,,99.878,mrwy143_ol2_4 ,IB,MRWY143,XENO,1.8,1.01,0,0.01,0,0,0,0,0.01,0.15,0,0.921219743
277,50.766,41.793,0.009,0.015,0.002,0.153,0.008,0.006,0.609,7.801,,101.162,mrwy143_ol2_5 ,IB,MRWY143,XENO,1.82,1,0,0,0,0,0,0,0.01,0.16,0,0.920636104
278,51.557,41.967,0,0.001,0.021,0.149,0.086,0.002,0.511,6.871,,101.165,mrwy143_ol2_6 ,IB,MRWY143,XENO,1.84,1,0,0,0,0,0,0,0.01,0.14,0,0.930437205
279,51.789,42.125,0.004,0.003,0.019,0.126,0.123,0.015,0.469,6.415,,101.088,mrwy143_ol2_7 ,IB,MRWY143,XENO,1.84,1.01,0,0,0,0,0,0,0.01,0.13,0,0.935025879
280,51.344,42.023,0,0.011,0.011,0.097,0,0,0.642,7.472,,101.6,mrwy143_ol2_8 ,IB,MRWY143,XENO,1.83,1,0,0,0,0,0,0,0.01,0.15,0,0.924521731
281,51.387,41.87,0.012,0.002,0.009,0.093,0.005,0,0.607,7.391,,101.376,mrwy143_ol3_1 ,IB,MRWY143,XENO,1.83,1,0,0,0,0,0,0,0.01,0.15,0,0.92533667
282,51.365,42.023,0,0.002,0,0.087,0.013,0.002,0.609,7.399,,101.5,mrwy143_ol3_2 ,IB,MRWY143,XENO,1.83,1,0,0,0,0,0,0,0.01,0.15,0,0.925232277
283,51.253,41.929,0.002,0.004,0.01,0.087,0.001,0,0.598,7.393,,101.277,mrwy143_ol3_3 ,IB,MRWY143,XENO,1.83,1,0,0,0,0,0,0,0.01,0.15,0,0.925137337
284,51.156,41.752,0.003,0.01,0,0.12,0.004,0.022,0.645,7.436,,101.148,mrwy143_ol3_4 ,IB,MRWY143,XENO,1.83,1,0,0,0,0,0,0,0.01,0.15,0,0.92460273
285,51.134,41.992,0,0.013,0.007,0.097,0.004,0,0.606,7.525,,101.378,mrwy143_ol3_5 ,IB,MRWY143,XENO,1.82,1.01,0,0,0,0,0,0,0.01,0.15,0,0.923738811
286,51.312,41.993,0,0,0,0.088,0.019,0.003,0.609,7.319,,101.343,mrwy143_ol3_6 ,IB,MRWY143,XENO,1.83,1,0,0,0,0,0,0,0.01,0.15,0,0.925910058
287,51.36,41.951,0,0.005,0.003,0.102,0.021,0,0.642,7.184,,101.268,mrwy143_ol3_7 ,IB,MRWY143,XENO,1.83,1,0,0,0,0,0,0,0.01,0.14,0,0.927240245
288,51.131,41.856,0.005,0.018,0,0.099,0.005,0.004,0.678,7.423,,101.219,mrwy143_ol3_8 ,IB,MRWY143,XENO,1.83,1,0,0,0,0,0,0,0.01,0.15,0,0.924690588
289,51.256,42.031,0.003,0.019,0,0.085,0.019,0,0.652,7.375,,101.44,mrwy143_ol3_9 ,IB,MRWY143,XENO,1.83,1,0,0,0,0,0,0,0.01,0.15,0,0.925310039
290,51.9,42.091,0,0.001,0.027,0.129,0.121,0,0.306,6.629,,101.204,mrwy143_ol4_1 ,IB,MRWY143,XENO,1.85,1,0,0,0,0,0,0,0.01,0.13,0,0.933137308
291,51.971,41.911,0.007,0.006,0.024,0.148,0.122,0.005,0.307,6.595,,101.096,mrwy143_ol4_2 ,IB,MRWY143,XENO,1.85,1,0,0,0,0,0,0,0.01,0.13,0,0.93354229
292,51.691,42.082,0,0,0.024,0.105,0.103,0,0.431,6.622,,101.058,mrwy143_ol4_3 ,IB,MRWY143,XENO,1.84,1.01,0,0,0,0,0,0,0.01,0.13,0,0.932951228
293,51.856,42.082,0,0,0.029,0.128,0.127,0,0.337,6.598,,101.157,mrwy143_ol4_4 ,IB,MRWY143,XENO,1.85,1,0,0,0,0,0,0,0.01,0.13,0,0.933376448
294,51.821,41.967,0.008,0,0.018,0.134,0.116,0,0.366,6.641,,101.071,mrwy143_ol4_5 ,IB,MRWY143,XENO,1.85,1,0,0,0,0,0,0,0.01,0.13,0,0.932929123
295,51.851,41.949,0,0,0.024,0.151,0.123,0.012,0.364,6.589,,101.063,mrwy143_ol4_6 ,IB,MRWY143,XENO,1.85,1,0,0,0,0,0,0,0.01,0.13,0,0.93345529
296,51.066,41.734,0.014,0.046,0.018,0.129,0.134,0,0.38,6.646,,100.167,mrwy143_ol4_7 ,IB,MRWY143,XENO,1.84,1.01,0,0,0,0,0,0,0.01,0.13,0,0.93195721
297,52.034,41.976,0,0.002,0.018,0.116,0.108,0.002,0.443,6.379,,101.078,mrwy143_ol4_8 ,IB,MRWY143,XENO,1.85,1,0,0,0,0,0,0,0.01,0.13,0,0.935651677
298,50.723,41.656,0.001,0.006,0.005,0.143,0.143,0.014,0.429,7.292,,100.412,mrwy143_ol4_9 ,IB,MRWY143,XENO,1.83,1.01,0,0,0,0,0,0,0.01,0.15,0,0.925369786
299,51.401,41.756,0.01,0.006,0.017,0.12,0.115,0.003,0.379,6.581,,100.388,mrwy143_ol4_10 ,IB,MRWY143,XENO,1.84,1,0,0,0,0,0,0,0.01,0.13,0,0.932987792
300,51.736,41.853,0.009,0.007,0.019,0.144,0.115,0.001,0.375,6.445,,100.704,mrwy143_ol4_11 ,IB,MRWY143,XENO,1.85,1,0,0,0,0,0,0,0.01,0.13,0,0.934679368
301,51.527,41.856,0.005,0.006,0.017,0.131,0.103,0,0.45,6.471,,100.566,mrwy143_ol4_12 ,IB,MRWY143,XENO,1.84,1.01,0,0,0,0,0,0,0.01,0.13,0,0.93418469
302,51.492,41.948,0.007,0,0.018,0.128,0.097,0,0.469,6.739,,100.898,mrwy143_ol4_13 ,IB,MRWY143,XENO,1.84,1.01,0,0,0,0,0,0,0.01,0.14,0,0.931601948
303,51.541,41.896,0,0.004,0.02,0.13,0.118,0.014,0.407,6.604,,100.734,mrwy143_ol4_14 ,IB,MRWY143,XENO,1.84,1,0,0,0,0,0,0,0.01,0.13,0,0.932939707
304,51.279,41.7,0.004,0.009,0.029,0.132,0.122,0,0.445,6.865,,100.585,mrwy143_ol4_15 ,IB,MRWY143,XENO,1.84,1,0,0,0,0,0,0,0.01,0.14,0,0.930143235
305,51.373,41.829,0.009,0.002,0.022,0.136,0.139,0,0.318,6.505,,100.333,mrwy143_ol4_16 ,IB,MRWY143,XENO,1.84,1.01,0,0,0,0,0,0,0.01,0.13,0,0.933676641
306,51.618,41.818,0.009,0,0.013,0.125,0.133,0.009,0.345,6.546,,100.616,mrwy143_ol4_17 ,IB,MRWY143,XENO,1.85,1,0,0,0,0,0,0,0.01,0.13,0,0.933582121
307,51.622,41.778,0.002,0,0.023,0.119,0.107,0.019,0.415,6.63,,100.715,mrwy143_ol4_18 ,IB,MRWY143,XENO,1.85,1,0,0,0,0,0,0,0.01,0.13,0,0.932791973
308,51.817,42.105,0,0.004,0.021,0.127,0.127,0.011,0.419,6.467,,101.098,mrwy143_ol4_19 ,IB,MRWY143,XENO,1.84,1.01,0,0,0,0,0,0,0.01,0.13,0,0.934566739
309,51.81,41.729,0.008,0.007,0.017,0.156,0.121,0.006,0.39,6.585,,100.829,mrwy143_ol4_20 ,IB,MRWY143,XENO,1.85,1,0,0,0,0,0,0,0.01,0.13,0,0.933443873
310,52.068,41.908,0.002,0,0.016,0.127,0.101,0.016,0.473,6.705,,101.416,mrwy143_ol4_21 ,IB,MRWY143,XENO,1.85,1,0,0,0,0,0,0,0.01,0.13,0,0.932625896
311,51.701,41.803,0.006,0.01,0.022,0.124,0.121,0.016,0.439,6.457,,100.699,mrwy143_ol4_22 ,IB,MRWY143,XENO,1.85,1,0,0,0,0,0,0,0.01,0.13,0,0.934524309
312,51.616,41.992,0,0.011,0.015,0.154,0.106,0.01,0.364,6.57,,100.838,mrwy143_ol4_23 ,IB,MRWY143,XENO,1.84,1.01,0,0,0,0,0,0,0.01,0.13,0,0.933352428
1,51.97,41.42,0.0037,0.0065,0.0237,0.104,0.0586,0,0.4485,6.94,,100.9661,mrwy44_ol1_1 ,STM,MRWY44,XENO,1.86,0.99,0,0,0,0,0,0,0.01,0.14,0,0.930306772
2,51.85,41.21,0.013,0,0.0115,0.079,0.0185,0.0085,0.3344,6.97,,100.4935,mrwy44_ol1_2 ,STM,MRWY44,XENO,1.86,0.99,0,0,0,0,0,0,0.01,0.14,0,0.929875997
3,51.07,40.42,0.1388,0,0.006,0.1249,0.0107,0,0.3685,7.82,,99.9706,mrwy44_ol2_1 ,STM,MRWY44,XENO,1.86,0.99,0.01,0,0,0,0,0,0.01,0.16,0,0.920894208
4,51.23,40.35,0.0178,0.0001,0,0.1165,0.0031,0,0.3709,7.76,,99.8484,mrwy44_ol2_2 ,STM,MRWY44,XENO,1.86,0.98,0,0,0,0,0,0,0.01,0.16,0,0.921679585
5,51.32,40.93,0.0128,0,0,0.1247,0.0025,0,0.3447,7.76,,100.4947,mrwy44_ol3_1 ,STM,MRWY44,XENO,1.85,0.99,0,0,0,0,0,0,0.01,0.16,0,0.921806196
6,51.2,41.06,0.0105,0.0014,0.0027,0.1207,0.0038,0,0.373,7.81,,100.5841,mrwy44_ol3_2 ,STM,MRWY44,XENO,1.85,0.99,0,0,0,0,0,0,0.01,0.16,0,0.921172177
7,51.21,40.69,0.0013,0.006,0,0.0963,0.0082,0.0141,0.3432,7.76,,100.129,mrwy44_ol3_3 ,STM,MRWY44,XENO,1.86,0.99,0,0,0,0,0,0,0.01,0.16,0,0.921651394
8,51.1,40.79,0.0099,0,0.0075,0.1056,0,0,0.3847,7.72,,100.1228,mrwy44_ol4_1 ,STM,MRWY44,XENO,1.85,0.99,0,0,0,0,0,0,0.01,0.16,0,0.921869021
9,51.06,40.64,0.0178,0.0012,0.0029,0.0992,0.0038,0.0067,0.3789,7.8,,100.0162,mrwy44_ol4_2 ,STM,MRWY44,XENO,1.85,0.99,0,0,0,0,0,0,0.01,0.16,0,0.921066322
10,50.5,40.29,0.0642,0.0036,0.001,0.1739,0.0637,0.0077,0.3195,8.19,,99.6248,mrwy44_ol5_1 ,STM,MRWY44,XENO,1.84,0.99,0,0,0,0,0,0,0.01,0.17,0,0.916606341
11,51.39,40.67,0.02,0.0061,0.0003,0.1319,0.1288,0.0072,0.2672,7.15,,99.7855,mrwy44_ol5_2 ,STM,MRWY44,XENO,1.86,0.99,0,0,0,0,0,0,0.01,0.15,0,0.92759888
12,51.32,40.65,0.0154,0,0,0.1348,0.1267,0.0151,0.2984,7.29,,99.8554,mrwy44_ol5_3 ,STM,MRWY44,XENO,1.86,0.99,0,0,0,0,0,0,0.01,0.15,0,0.926192612
13,51.35,40.53,0.0007,0.0018,0.0072,0.0866,0.0086,0.0088,0.3521,7.23,,99.5835,mrwy247_ol1_1 ,EH,MRWY247,XENO,1.87,0.99,0,0,0,0,0,0,0.01,0.15,0,0.926795245
14,51.52,40.43,0.0058,0,0.0042,0.0769,0.0096,0.0143,0.3317,7.05,,99.4393,mrwy247_ol1_2 ,EH,MRWY247,XENO,1.87,0.99,0,0,0,0,0,0,0.01,0.14,0,0.928706583
15,50.74,40.21,0,0.0149,0,0.1029,0.0135,0.0125,0.3894,8.07,,99.5602,mrwy247_ol2_1 ,EH,MRWY247,XENO,1.85,0.99,0,0,0,0,0,0,0.01,0.17,0,0.91808497
16,50.86,40.07,0.0084,0.003,,0.0941,0.0345,0.0042,0.3822,7.84,,99.3079,mrwy247_ol2_2 ,EH,MRWY247,XENO,1.86,0.98,0,0,0,0,0,0,0.01,0.16,0,0.920406597
17,51.33,40.25,0,0.0069,,0.111,0.0549,0.0145,0.4328,7.09,,99.2902,mrwy247_ol2_3 ,EH,MRWY247,XENO,1.87,0.98,0,0,0,0,0,0,0.01,0.15,0,0.928084864
18,50.58,40.67,0.007,0.0004,,0.091,0.0122,0.0034,0.3869,8.52,,100.2808,mrwy247_ol2_4 ,EH,MRWY247,XENO,1.84,0.99,0,0,0,0,0,0,0.01,0.17,0,0.913661638
19,50.81,40.7,0.0139,0.0122,,0.1227,0.1086,0.0074,0.4539,7.29,,99.5284,mrwy247_ol2_7 ,EH,MRWY247,XENO,1.85,0.99,0,0,0,0,0,0,0.01,0.15,0,0.925506965
20,51.31,40.75,0.0036,0.0066,,0.1179,0.0973,0.0125,0.4626,7.23,,99.9952,mrwy247_ol2_8 ,EH,MRWY247,XENO,1.86,0.99,0,0,0,0,0,0,0.01,0.15,0,0.926742357
21,51.65,41.09,0.0047,0.0151,,0.1377,0.1006,0.0232,0.4623,6.58,,100.0773,mrwy247_ol2_9 ,EH,MRWY247,XENO,1.86,0.99,0,0,0,0,0,0,0.01,0.13,0,0.933298761
22,51.36,40.94,0.031,0.0031,,0.0755,0.0067,0.0123,0.3711,7.23,,100.0387,mrwy304_ol1_1 ,EH,MRWY304,XENO,1.86,0.99,0,0,0,0,0,0,0.01,0.15,0,0.926808455
23,51.36,40.9,0.0142,0,,0.1017,0.007,0.0045,0.3776,7.28,,100.049,mrwy304_ol1_2 ,EH,MRWY304,XENO,1.86,0.99,0,0,0,0,0,0,0.01,0.15,0,0.926339574
24,48.06,40.08,0.0343,0,,0.3685,0.0693,0.0265,0.2738,10.8,,99.7627,mrwy304_ol2_1 ,EH,MRWY304,XENO,1.77,0.99,0,0,0,0.01,0,0,0.01,0.22,0,0.888047492
25,48.1,40.19,0.0288,0.0049,,0.3473,0.0786,0.0425,0.263,10.72,,99.8043,mrwy304_ol2_2 ,EH,MRWY304,XENO,1.77,0.99,0,0,0,0.01,0,0,0.01,0.22,0,0.88886675
26,51.62,41.05,0.0037,0,,0.1257,0.059,0,0.3884,6.99,,100.2428,mrwy304_ol3_1 ,EH,MRWY304,XENO,1.86,0.99,0,0,0,0,0,0,0.01,0.14,0,0.929397766
27,51.4,41.08,0.0057,0.0084,,0.1283,0.0521,0,0.3932,7.2,,100.2738,mrwy304_ol3_2 ,EH,MRWY304,XENO,1.85,0.99,0,0,0,0,0,0,0.01,0.15,0,0.927142617
28,51.71,41.33,0.019,0.0058,,0.1258,0.079,0.004,0.4026,6.83,,100.5154,mrwy304_ol4_1 ,EH,MRWY304,XENO,1.86,1,0,0,0,0,0,0,0.01,0.14,0,0.931014139
29,51.62,41.08,0.0041,0,,0.1135,0.1027,0.0051,0.4116,6.85,,100.1949,mrwy304_ol4_2 ,EH,MRWY304,XENO,1.86,0.99,0,0,0,0,0,0,0.01,0.14,0,0.930713855
30,51.55,40.95,0.0092,0,,0.1379,0.0807,0.0091,0.4409,6.93,,100.1192,mrwy304_ol4_3 ,EH,MRWY304,XENO,1.86,0.99,0,0,0,0,0,0,0.01,0.14,0,0.929872912
31,51.45,40.94,0.0066,0,,0.11,0.0974,0.009,0.4117,6.84,,99.8747,mrwy304_ol4_4 ,EH,MRWY304,XENO,1.86,0.99,0,0,0,0,0,0,0.01,0.14,0,0.930595249
1,49.86,40.92,0.037,0.012,,0.1629,0.3162,0.0197,0.2756,8.84,,100.503,mrwy286_ol_px_cumul1 ,HM,MRWY286,CUMUL,1.81,1,0,0,0,0,0.01,0,0.01,0.18,0,0.90953567
2,49.1,40.6,0.141,0.1699,,0.1867,0.1792,0.0575,0.2788,9.04,,99.9278,mrwy286_ol_px_cumul2 ,HM,MRWY286,CUMUL,1.8,1,0.01,0,0,0,0,0,0.01,0.19,0,0.906382684
3,50.4,40.82,0.0427,0.0108,,0.1317,0.3537,0.0338,0.3103,8.21,,100.3658,mrwy286_ol_px_cumul3 ,HM,MRWY286,CUMUL,1.83,0.99,0,0,0,0,0.01,0,0.01,0.17,0,0.916267767
4,49.99,40.91,0.0291,0.0238,,0.1679,0.3041,0.072,0.2994,8.66,,100.5272,mrwy286_ol_px_cumul4 ,HM,MRWY286,CUMUL,1.81,0.99,0,0,0,0,0.01,0,0.01,0.18,0,0.911424595
8,49.19,40.62,0.0644,0.0198,,0.1675,0.2328,0.0613,0.2729,8.86,,99.5912,mrwy286_ol_px_cumul8 ,HM,MRWY286,CUMUL,1.8,1,0,0,0,0,0.01,0,0.01,0.18,0,0.908228147
9,49.61,40.62,0.0497,0.0179,,0.1803,0.2271,0.1441,0.3025,8.63,,99.8714,mrwy286_ol_px_cumul9 ,HM,MRWY286,CUMUL,1.81,0.99,0,0,0,0,0.01,0,0.01,0.18,0,0.911088156
27,50.53,40.88,0.0882,0.0094,,0.1331,0.4052,0.0633,0.3102,7.3,,99.7618,mrwy286_ol_px_cumul18 ,HM,MRWY286,CUMUL,1.84,1,0,0,0,0,0.01,0,0.01,0.15,0,0.925030077
28,50.75,40.9,0.0842,0.0179,,0.1499,0.2928,0.0242,0.3378,7.42,,100.0465,mrwy286_ol_px_cumul19 ,HM,MRWY286,CUMUL,1.84,0.99,0,0,0,0,0.01,0,0.01,0.15,0,0.924196409
29,50.21,40.8,0.0873,0.0075,,0.1259,0.307,0.0337,0.3098,8.01,,99.941,mrwy286_ol_px_cumul20 ,HM,MRWY286,CUMUL,1.83,1,0,0,0,0,0.01,0,0.01,0.16,0,0.917856235
30,50.77,40.87,0.1054,0.0111,,0.1378,0.3409,0.0337,0.2999,7.28,,99.9031,mrwy286_ol_px_cumul21 ,HM,MRWY286,CUMUL,1.84,0.99,0,0,0,0,0.01,0,0.01,0.15,0,0.925547296
31,50.29,40.86,0.0682,0.0082,,0.1339,0.3503,0.0617,0.3166,7.62,,99.7517,mrwy286_ol_px_cumul22 ,HM,MRWY286,CUMUL,1.83,1,0,0,0,0,0.01,0,0.01,0.16,0,0.921656982
32,50.21,40.88,0.0178,0.0088,,0.1439,0.2995,0.0202,0.3172,7.9,,99.834,mrwy286_ol_px_cumul23 ,HM,MRWY286,CUMUL,1.83,1,0,0,0,0,0.01,0,0.01,0.16,0,0.918892808
45,49.95,40.51,0.0726,0.0101,,0.1614,0.2915,0.0894,0.3076,8.38,,99.823,mrwy286_ol_px_cumul36 ,HM,MRWY286,CUMUL,1.82,0.99,0,0,0,0,0.01,0,0.01,0.17,0,0.91397938
47,49.11,40.14,0.38,0.0133,,0.1552,0.34,0.0602,0.3097,7.86,,98.4975,mrwy286_ol_px_cumul38 ,HM,MRWY286,CUMUL,1.82,1,0.02,0,0,0,0.01,0,0.01,0.16,0,0.917611063
81,51.45,41.55,0.0602,0.0048,,0.1176,0.0894,0.0112,0.3177,6.36,,100.0059,mrwy265_ol_px_cumul1 ,HM,MRWY265,CUMUL,1.85,1,0,0,0,0,0,0,0.01,0.13,0,0.935149905
82,51.8,41.21,0.0938,0.0169,,0.1125,0.0799,0.0351,0.3217,6.27,,99.9998,mrwy265_ol_px_cumul2 ,HM,MRWY265,CUMUL,1.87,1,0,0,0,0,0,0,0.01,0.13,0,0.936413751
83,50.97,41.6,0.0918,0.0997,,0.1504,0.1055,0.0121,0.3531,6.56,,100.0412,mrwy265_ol_px_cumul3 ,HM,MRWY265,CUMUL,1.84,1.01,0,0,0,0,0,0,0.01,0.13,0,0.932660421
84,51.5,41.69,0.0258,0.0209,,0.1317,0.0962,0.0271,0.3355,6.21,,100.0842,mrwy265_ol_px_cumul4 ,HM,MRWY265,CUMUL,1.85,1,0,0,0,0,0,0,0.01,0.13,0,0.936640062
85,51.16,41.44,0.061,0.1001,,0.1023,0.1125,0.0366,0.3382,6.13,,99.7086,mrwy265_ol_px_cumul5 ,HM,MRWY265,CUMUL,1.85,1,0,0,0,0,0,0,0.01,0.12,0,0.937015408
86,51.19,40.97,0.0714,0.078,,0.1214,0.1185,0.0177,0.3753,7.53,,100.5653,mrwy265_ol_px_cumul6 ,HM,MRWY265,CUMUL,1.85,0.99,0,0,0,0,0,0,0.01,0.15,0,0.92376912
87,50.74,41.71,0.0565,0.0209,,0.1572,0.1007,0.019,0.3237,6.34,,99.5246,mrwy265_ol_px_cumul7 ,HM,MRWY265,CUMUL,1.83,1.01,0,0,0,0,0,0,0.01,0.13,0,0.934495145
88,49.99,41.52,0.1504,0.4362,,0.14,0.1606,0.0261,0.3329,6.63,,99.5161,mrwy265_ol_px_cumul8 ,HM,MRWY265,CUMUL,1.81,1.01,0.01,0.01,0,0,0,0,0.01,0.13,0,0.930749806
89,51.32,41.46,0.0379,0.0223,,0.1459,0.1058,0.0343,0.331,6.43,,99.951,mrwy265_ol_px_cumul9 ,HM,MRWY265,CUMUL,1.85,1,0,0,0,0,0,0,0.01,0.13,0,0.934327846
94,51.07,40.85,0.0823,0.0135,,0.1588,0.0889,0.0373,0.3699,6.62,,99.3552,mrwy265_ol_px_cumul14 ,HM,MRWY265,CUMUL,1.86,1,0,0,0,0,0,0,0.01,0.13,0,0.932210305
95,50.99,40.94,0.0871,0.0119,,0.1454,0.0972,0.0383,0.3759,6.58,,99.3334,mrwy265_ol_px_cumul15 ,HM,MRWY265,CUMUL,1.85,1,0,0,0,0,0,0,0.01,0.13,0,0.932493681
96,50.01,41.44,0.0623,0.0363,,0.1635,0.106,0.0361,0.3266,6.93,,99.2037,mrwy265_ol_px_cumul16 ,HM,MRWY265,CUMUL,1.82,1.01,0,0,0,0,0,0,0.01,0.14,0,0.927869194
97,49.07,41.02,0.29,0.2309,,0.1562,0.0797,0.0825,0.3441,7.4,,98.9881,mrwy265_ol_px_cumul17 ,HM,MRWY265,CUMUL,1.8,1.01,0.01,0.01,0,0,0,0,0.01,0.15,0,0.921998406
99,50.6,40.9,0.0844,0.0267,,0.1387,0.0877,0.0343,0.4129,6.48,,98.8464,mrwy265_ol_px_cumul19 ,HM,MRWY265,CUMUL,1.85,1,0,0,0,0,0,0,0.01,0.13,0,0.932972794
103,50.34,40.72,0.1547,0.0488,,0.1178,0.0974,0.0311,0.3077,6.61,,98.5145,mrwy265_ol_px_cumul23 ,HM,MRWY265,CUMUL,1.84,1,0.01,0,0,0,0,0,0.01,0.14,0,0.931391465
104,50.43,40.77,0.1791,0.0202,,0.1271,0.0981,0.0219,0.3279,6.5,,98.551,mrwy265_ol_px_cumul24 ,HM,MRWY265,CUMUL,1.85,1,0.01,0,0,0,0,0,0.01,0.13,0,0.932568506
105,51.02,41.13,0.0889,0.0397,,0.1505,0.0923,0.0317,0.3385,6.61,,99.5867,mrwy265_ol_px_cumul25 ,HM,MRWY265,CUMUL,1.85,1,0,0,0,0,0,0,0.01,0.13,0,0.932243929
106,50.23,40.54,0.2677,0.0207,,0.1809,0.1018,0.0515,0.3242,6.8,,98.5916,mrwy265_ol_px_cumul26 ,HM,MRWY265,CUMUL,1.84,1,0.01,0,0,0,0,0,0.01,0.14,0,0.929414904
139,32.51,37.15,0.0098,0.1835,,0.2422,0.2325,0.1379,1.85,25.88,,98.276,mrwy89_ol_px22 ,HM,MRWY89,CUMUL,1.32,1.01,0,0.01,0,0.01,0.01,0,0.04,0.59,0,0.691282862
140,33.86,37.66,0.0072,0.0447,,0.2199,0.2435,0.2077,1.68,24.18,,98.1343,mrwy89_ol_px23 ,HM,MRWY89,CUMUL,1.36,1.02,0,0,0,0.01,0.01,0,0.04,0.55,0,0.713972179
142,38.25,38.05,0.0105,0.1077,,0.2096,0.4625,0.0396,0.8388,21.1,,99.0997,mrwy89_ol_px25 ,HM,MRWY89,CUMUL,1.5,1,0,0,0,0,0.01,0,0.02,0.46,0,0.763671855
144,36.02,37.6,0.0119,0.0749,,0.2312,0.0999,0.044,0.8227,24.18,,99.1565,mrwy89_ol_px27 ,HM,MRWY89,CUMUL,1.43,1,0,0,0,0.01,0,0,0.02,0.54,0,0.726432043
72,51.2,41.67,0.0075,0.0006,,0.1371,0.1423,0,0.4318,7.43,,101.0429,mrwy263_cpx3_11 ,EH,MRWY263,XENO,1.83,1,0,0,0,0,0,0,0.01,0.15,0,0.924718856
73,50.64,41.59,0,0.0023,,0.0972,0.0134,0.0162,0.6007,8.23,,101.2012,mrwy263_cpx6_1 ,EH,MRWY263,XENO,1.82,1,0,0,0,0,0,0,0.01,0.17,0,0.916445397
74,50.55,41.92,0.0047,0.0005,,0.1095,0.0141,0,0.6382,8.38,,101.6229,mrwy263_cpx6_2 ,EH,MRWY263,XENO,1.81,1.01,0,0,0,0,0,0,0.01,0.17,0,0.914913521
75,50.54,41.44,0.0036,0.0063,,0.1031,0.0052,0.0252,0.65,8.25,,101.0234,mrwy263_cpx6_3 ,EH,MRWY263,XENO,1.82,1,0,0,0,0,0,0,0.01,0.17,0,0.91610756
76,50.37,41.46,0,0.0012,,0.0734,0.0021,0.0257,0.6246,8.4,,100.957,mrwy263_cpx6_4 ,EH,MRWY263,XENO,1.81,1,0,0,0,0,0,0,0.01,0.17,0,0.914449112
77,50.4,41.47,0,0.0002,,0.114,0.0099,0.0271,0.5974,8.39,,101.0112,mrwy263_cpx6_5 ,EH,MRWY263,XENO,1.81,1,0,0,0,0,0,0,0.01,0.17,0,0.914588777
78,50.34,41.28,0.0004,0,,0.1152,0.0014,0.0086,0.6327,8.28,,100.6582,mrwy263_cpx6_6 ,EH,MRWY263,XENO,1.82,1,0,0,0,0,0,0,0.01,0.17,0,0.915522012
79,50.41,41.49,0.0035,0,,0.1196,0.0321,0.0188,0.5585,7.92,,100.5599,mrwy263_cpx6_7 ,EH,MRWY263,XENO,1.82,1,0,0,0,0,0,0,0.01,0.16,0,0.919000579
80,50.17,41.58,0.0003,0.0029,,0.1216,0.0262,0.0157,0.5984,8.08,,100.5979,mrwy263_cpx6_8 ,EH,MRWY263,XENO,1.81,1.01,0,0,0,0,0,0,0.01,0.16,0,0.917137268
81,50.11,41.25,0,0,,0.0844,0.008,0.0112,0.5724,8.34,,100.3769,mrwy263_cpx6_9 ,EH,MRWY263,XENO,1.81,1,0,0,0,0,0,0,0.01,0.17,0,0.914604924
82,50.31,41.31,0.0026,0,,0.0933,0.0065,0.0048,0.5693,8.32,,100.6167,mrwy263_cpx6_10 ,EH,MRWY263,XENO,1.82,1,0,0,0,0,0,0,0.01,0.17,0,0.915102233
