   No. ,   MgO   ,   SiO2  ,   Na2O  ,   Al2O3 ,   Cr2O3 ,MnO,   CaO   ,   TiO2  ,NiO,   FeO   ,  Total  ,Comment  ,Location,Sample,   Mg,   Si,   Na,   Al,   Cr,   Mn,   Ca,   Ti,   Ni,   Fe,K,Mg #,Mg,Fe,Ca
3,20.27,52.7,0.0124,1.3954,0.0141,,0.433,0.0384,,26.42,101.2832,pyroxene_test ,HM,MRWY14,1.13,1.97,0,0.06,0,0,0.02,0,0,0.82,0,0.577633715,57.2556003,41.86534582,0.879053887
4,20.23,52.46,0.1009,1.3808,0.0218,,0.3703,0.0423,,26.55,101.156,pyroxene_test ,HM,MRWY14,1.13,1.96,0.01,0.06,0,0,0.01,0,0,0.83,0,0.575953372,57.16220795,42.08577065,0.752021407
5,20.16,52.51,0.0579,1.2006,0.0196,,0.685,0.0839,,26.51,101.227,pyroxene1_1 ,HM,MRWY14,1.12,1.97,0,0.05,0,0,0.03,0,0,0.83,0,0.575474979,56.74995261,41.86415687,1.385890524
6,20.22,52.75,0.0543,1.1914,0.0257,,0.6704,0.0812,,26.41,101.4029,pyroxene1_2 ,HM,MRWY14,1.13,1.97,0,0.05,0,0,0.03,0,0,0.82,0,0.577123442,56.92941645,41.71397995,1.356603599
7,20.47,52.79,0.1186,1.0043,0.019,,0.313,0.0423,,26.52,101.2771,pyroxene1_3 ,HM,MRWY14,1.14,1.97,0.01,0.04,0,0,0.01,0,0,0.83,0,0.579106756,57.54444728,41.82315063,0.63240209
8,20.14,52.92,0.015,1.0453,0.0238,,0.5245,0.0699,,27.06,101.7984,pyroxene1_4 ,HM,MRWY14,1.12,1.97,0,0.05,0,0,0.02,0,0,0.84,0,0.570207464,56.4185965,42.52538462,1.05601888
9,20.29,52.67,0.0118,1.2212,0.0186,,0.5063,0.0655,,26.79,101.5733,pyroxene1_5 ,HM,MRWY14,1.13,1.96,0,0.05,0,0,0.02,0,0,0.84,0,0.574478171,56.86196948,42.11823956,1.019790957
10,20.21,52.91,0.0145,1.1082,0,,0.5547,0.0643,,26.9,101.7616,pyroxene1_6 ,HM,MRWY14,1.12,1.97,0,0.05,0,0,0.02,0,0,0.84,0,0.572509589,56.61160188,42.271636,1.11676212
11,20.42,52.69,0.0283,1.1288,0.0186,,0.6917,0.024,,26.21,101.2113,pyroxene2_1 ,HM,MRWY14,1.14,1.97,0,0.05,0,0,0.03,0,0,0.82,0,0.581374932,57.32609494,41.27825102,1.395654033
12,20.31,52.74,0.0284,1.035,0.0229,,0.5699,0.0502,,26.6,101.3563,pyroxene2_2 ,HM,MRWY14,1.13,1.97,0,0.05,0,0,0.02,0,0,0.83,0,0.576457693,56.98329787,41.86749135,1.149210782
13,20.41,52.93,0.0399,0.992,0.0149,,0.3706,0.031,,26.72,101.5083,pyroxene2_3 ,HM,MRWY14,1.13,1.97,0,0.04,0,0,0.01,0,0,0.83,0,0.576557907,57.22520847,42.02797629,0.746815241
14,20.3,52.54,0.0527,1.2944,0.0252,,0.4498,0.0468,,26.32,101.0288,pyroxene2_4 ,HM,MRWY14,1.13,1.97,0,0.06,0,0,0.02,0,0,0.82,0,0.578919196,57.36306404,41.7234137,0.913522256
15,20.47,52.95,0.0327,0.8766,0.0082,,0.3301,0.0293,,26.42,101.1168,pyroxene2_5 ,HM,MRWY14,1.14,1.98,0,0.04,0,0,0.01,0,0,0.83,0,0.580027305,57.6154032,41.71682255,0.667774246
16,20.15,52.74,0.0242,1.0406,0.0031,,0.7617,0.0614,,26.43,101.211,pyroxene2_6 ,HM,MRWY14,1.12,1.97,0,0.05,0,0,0.03,0,0,0.83,0,0.576092005,56.72140872,41.73753219,1.541059091
17,20.32,52.72,0.0755,1.1956,0.0197,,0.4727,0.0385,,26.41,101.2519,pyroxene2_7 ,HM,MRWY14,1.13,1.97,0.01,0.05,0,0,0.02,0,0,0.83,0,0.57832699,57.27884789,41.76347402,0.957678089
18,20.32,52.38,0.0526,1.1678,0.0189,,0.3583,0.1475,,26.7,101.1451,pyroxene2_8 ,HM,MRWY14,1.14,1.96,0,0.05,0,0,0.01,0,0,0.84,0,0.575661527,57.14922188,42.12651428,0.724263843
19,20.26,52.53,0.0343,1.2475,0.0173,,0.6234,0.0648,,26.22,100.9972,pyroxene2_9 ,HM,MRWY14,1.13,1.97,0,0.06,0,0,0.03,0,0,0.82,0,0.579366267,57.20368751,41.53124189,1.265070594
20,20.4,52.41,0.0422,1.1547,0.0142,,0.33,0.0321,,26.39,100.7731,pyroxene2_10 ,HM,MRWY14,1.14,1.97,0,0.05,0,0,0.01,0,0,0.83,0,0.579469527,57.55916662,41.77162457,0.669208808
21,20.43,52.62,0.0303,1.0625,0,,0.6961,0.063,,26.46,101.3618,pyroxene3_1 ,HM,MRWY14,1.14,1.97,0,0.05,0,0,0.03,0,0,0.83,0,0.579182074,57.10821614,41.49327494,1.398508918
22,20.72,52.72,0.0354,0.9985,0.012,,0.2751,0.0266,,26.33,101.1176,pyroxene3_2 ,HM,MRWY14,1.15,1.97,0,0.04,0,0,0.01,0,0,0.82,0,0.583810759,58.05763451,41.3883479,0.554017591
23,20.6,52.68,0.0139,1.1042,0.0068,,0.513,0.0314,,26.41,101.3592,pyroxene3_3 ,HM,MRWY14,1.15,1.97,0,0.05,0,0,0.02,0,0,0.82,0,0.581660766,57.56676163,41.40288707,1.030351298
24,20.3,51.64,0.4525,0.8831,0.0086,,0.7199,1.1693,,26.35,101.5233,pyroxene3_4 ,HM,MRWY14,1.13,1.94,0.03,0.04,0,0,0.03,0.03,0,0.83,0,0.578641474,57.02313927,41.52344238,1.453418342
25,20.61,52.75,0.0145,1.2211,0.0133,,0.3391,0.0503,,26.45,101.4482,pyroxene3_5 ,HM,MRWY14,1.15,1.97,0,0.05,0,0,0.01,0,0,0.82,0,0.581410572,57.74404553,41.57311223,0.682842248
26,20.43,52.92,0.1007,1.1796,0.0206,,0.7165,0.0507,,26.05,101.468,pyroxene3_6 ,HM,MRWY14,1.13,1.97,0.01,0.05,0,0,0.03,0,0,0.81,0,0.582983483,57.45406491,41.09772367,1.448211418
27,20.17,52.28,0.1796,1.2827,0.0399,,1.45,0.5986,,25.61,101.6107,pyroxene3_7 ,HM,MRWY14,1.12,1.95,0.01,0.06,0,0,0.06,0.02,0,0.8,0,0.584010717,56.69044144,40.38045099,2.92910757
28,20.31,52.72,0.1082,1.3085,0.0082,,1.1001,0.0341,,25.47,101.0591,pyroxene3_8 ,HM,MRWY14,1.13,1.97,0.01,0.06,0,0,0.04,0,0,0.8,0,0.587019695,57.39044068,40.37534321,2.234216111
29,20.34,52.76,0.0391,1.4665,0.0143,,0.7075,0.04,,25.79,101.1573,pyroxene3_9 ,HM,MRWY14,1.13,1.97,0,0.06,0,0,0.03,0,0,0.8,0,0.584348153,57.59345179,40.96671568,1.439832533
30,20.32,52.78,0.0281,1.5649,0.0036,,0.7791,0.0564,,25.68,101.212,pyroxene3_10 ,HM,MRWY14,1.13,1.97,0,0.07,0,0,0.03,0,0,0.8,0,0.585147162,57.5861434,40.8269518,1.586904799
31,20.31,52.37,0.3752,1.5604,0.0197,,0.9141,0.0427,,25.57,101.162,pyroxene3_11 ,HM,MRWY14,1.13,1.96,0.03,0.07,0,0,0.04,0,0,0.8,0,0.58606942,57.51653425,40.62292206,1.860543691
32,20.56,52.73,0,1.1017,0.0139,,0.3871,0.0854,,26.48,101.3581,pyroxene3_12 ,HM,MRWY14,1.14,1.97,0,0.05,0,0,0.02,0,0,0.83,0,0.580543301,57.60181383,41.61871582,0.779470348
33,20.6,52.9,0.0103,1.0954,0.0131,,0.3297,0.0375,,26.26,101.2459,pyroxene3_13 ,HM,MRWY14,1.15,1.97,0,0.05,0,0,0.01,0,0,0.82,0,0.583046099,57.91617534,41.41760878,0.666215879
34,20.66,52.92,0.0356,0.8487,0,,0.2832,0.0281,,26.41,101.1855,pyroxene3_14 ,HM,MRWY14,1.15,1.98,0,0.04,0,0,0.01,0,0,0.83,0,0.582368299,57.90460127,41.52492009,0.570478637
35,20.76,53.15,0.0236,1.0133,0.0046,,0.317,0.0336,,26.25,101.552,pyroxene3_15 ,HM,MRWY14,1.15,1.98,0,0.04,0,0,0.01,0,0,0.82,0,0.585018238,58.12861263,41.23343941,0.637947954
36,20.41,53,0.0205,0.9356,0.0206,,0.3665,0.0463,,26.56,101.3595,pyroxene4_1 ,HM,MRWY14,1.14,1.98,0,0.04,0,0,0.01,0,0,0.83,0,0.578023533,57.37433967,41.88518251,0.740477818
37,20.57,52.98,0.0421,1.0757,0.0316,,0.3574,0.0406,,26.26,101.3573,pyroxene4_2 ,HM,MRWY14,1.14,1.97,0,0.05,0,0,0.01,0,0,0.82,0,0.582691764,57.84824369,41.42936283,0.722393472
38,20.66,52.67,0.0386,1.1224,0.0345,,0.2898,0.037,,26.33,101.1822,pyroxene4_3 ,HM,MRWY14,1.15,1.97,0,0.05,0,0,0.01,0,0,0.82,0,0.58310597,57.96981174,41.44575714,0.584431119
39,20.4,52.77,0.0743,1.255,0.0231,,0.887,0.0435,,25.63,101.0828,pyroxene4_4 ,HM,MRWY14,1.14,1.97,0.01,0.06,0,0,0.04,0,0,0.8,0,0.586573381,57.60146268,40.59846339,1.800073931
40,20.82,53.15,0.0339,0.9893,0.0373,,0.2622,0.0308,,26.32,101.6434,pyroxene4_5 ,HM,MRWY14,1.15,1.97,0,0.04,0,0,0.01,0,0,0.82,0,0.585072348,58.19902911,41.27418871,0.526782186
41,20.4,52.92,0.0408,1.0464,0.0233,,0.4288,0.0263,,26.31,101.1955,pyroxene4_6 ,HM,MRWY14,1.14,1.98,0,0.05,0,0,0.02,0,0,0.82,0,0.580209188,57.51676042,41.61431435,0.868925224
42,20.56,53.19,0.0244,0.985,0.025,,0.6839,0.0483,,26.14,101.6565,pyroxene4_7 ,HM,MRWY14,1.14,1.98,0,0.04,0,0,0.03,0,0,0.81,0,0.583686907,57.56539702,41.05836235,1.376240633
43,20.67,53.18,0.0331,1.0651,0.0105,,0.4028,0.0556,,26.23,101.6471,pyroxene4_8 ,HM,MRWY14,1.14,1.98,0,0.05,0,0,0.02,0,0,0.81,0,0.584148246,57.94077942,41.24770531,0.811515271
44,20,52.92,0.0439,1.1596,0.0189,,1.87,0.1645,,25.49,101.6668,pyroxene4_9 ,HM,MRWY14,1.11,1.97,0,0.05,0,0,0.07,0,0,0.79,0,0.583095168,56.11084096,40.1184609,3.770698142
45,20.73,53.22,0.0337,0.968,0.0021,,0.4592,0.0461,,26.1,101.559,pyroxene4_10 ,HM,MRWY14,1.15,1.98,0,0.04,0,0,0.02,0,0,0.81,0,0.586058024,58.06403391,41.01153794,0.924428147
46,20.42,52.65,0.0905,1.0924,0.0112,,0.7973,0.0427,,26.23,101.334,pyroxene4_11 ,HM,MRWY14,1.14,1.97,0.01,0.05,0,0,0.03,0,0,0.82,0,0.581189277,57.18623521,41.20896481,1.604799982
47,20.64,52.83,0.0276,0.9947,0.0066,,0.3849,0.2667,,26.53,101.6805,pyroxene4_12 ,HM,MRWY14,1.15,1.97,0,0.04,0,0,0.02,0.01,0,0.83,0,0.581029533,57.65397121,41.57329336,0.772735427
48,20.31,52.76,0.0157,1.1686,0.0111,,0.4602,0.0872,,26.42,101.2327,pyroxene4_13 ,HM,MRWY14,1.13,1.97,0,0.05,0,0,0.02,0,0,0.83,0,0.578114613,57.27225088,41.79504409,0.932705035
49,20.52,52.9,0.0388,1.0008,0.0172,,0.4979,0.0487,,26.05,101.0733,pyroxene4_14 ,HM,MRWY14,1.14,1.98,0,0.04,0,0,0.02,0,0,0.81,0,0.584051725,57.81628859,41.1754379,1.008273511
50,20.41,52.7,0.0345,1.3851,0.017,,0.39,0.043,,26.12,101.0995,pyroxene5_1 ,HM,MRWY14,1.14,1.97,0,0.06,0,0,0.02,0,0,0.82,0,0.582092695,57.7476212,41.459295,0.793083802
51,20.53,52.61,0.0185,1.42,0.0177,,0.3569,0.0628,,26.64,101.6558,pyroxene5_2 ,HM,MRWY14,1.14,1.96,0,0.06,0,0,0.01,0,0,0.83,0,0.578719682,57.4565089,41.82559728,0.717893815
52,20.47,52.55,0.1331,1.2836,0.0299,,0.7293,0.065,,25.78,101.0408,pyroxene5_3 ,HM,MRWY14,1.14,1.96,0.01,0.06,0,0,0.03,0,0,0.81,0,0.585988833,57.73259551,40.78906959,1.478334908
53,20.73,53.03,0.0282,1.0494,0.0189,,0.4624,0.038,,26.03,101.3868,pyroxene5_4 ,HM,MRWY14,1.15,1.97,0,0.05,0,0,0.02,0,0,0.81,0,0.586709383,58.12422191,40.94394302,0.931835076
54,20.41,52.58,0.0212,1.2338,0.0204,,0.9275,0.0728,,25.84,101.1056,pyroxene5_5 ,HM,MRWY14,1.14,1.97,0,0.05,0,0,0.04,0,0,0.81,0,0.584712126,57.37548456,40.75055396,1.873961475
55,20.51,52.99,0.0136,1.2766,0,,0.7703,0.0401,,25.98,101.5805,pyroxene5_6 ,HM,MRWY14,1.14,1.97,0,0.06,0,0,0.03,0,0,0.81,0,0.584586887,57.55054179,40.89597332,1.553484886
56,20.57,52.99,0.0223,1.2101,0.0252,,0.3968,0.0909,,26.23,101.5352,pyroxene5_7 ,HM,MRWY14,1.14,1.97,0,0.05,0,0,0.02,0,0,0.82,0,0.58296969,57.82956053,41.36866792,0.801771551
57,20.58,52.83,0.0168,1.3119,0.0152,,0.3476,0.1124,,26.2,101.4138,pyroxene5_8 ,HM,MRWY14,1.14,1.97,0,0.06,0,0,0.01,0,0,0.82,0,0.583366015,57.92638298,41.37042459,0.70319243
58,20.09,52.82,0.0253,1.0841,0.0146,,0.4474,0.0533,,26.9,101.4346,pyroxene6_1 ,HM,MRWY14,1.12,1.97,0,0.05,0,0,0.02,0,0,0.84,0,0.571051437,56.58792,42.50634082,0.905739175
59,20.09,52.36,0.0609,0.9288,0.0226,,0.4599,0.0387,,27.01,100.9708,pyroxene6_2 ,HM,MRWY14,1.13,1.97,0,0.04,0,0,0.02,0,0,0.85,0,0.570051529,56.47546415,42.59534129,0.929194563
60,20.12,52.54,0.0223,1.1113,0.0121,,0.4277,0.0446,,27.14,101.418,pyroxene6_3 ,HM,MRWY14,1.12,1.97,0,0.05,0,0,0.02,0,0,0.85,0,0.569240251,56.43322451,42.70457251,0.862202977
61,20,52.52,0.071,1.0404,0.0106,,0.4825,0.2474,,27,101.3718,pyroxene6_4 ,HM,MRWY14,1.12,1.97,0.01,0.05,0,0,0.02,0.01,0,0.85,0,0.569041554,56.34818129,42.67478263,0.977036084
62,19.8,50.66,1.234,1.0159,0.0142,,0.5508,0.0542,,25.8,99.1292,pyroxene6_5 ,HM,MRWY14,1.13,1.95,0.09,0.05,0,0,0.02,0,0,0.83,0,0.577703681,57.1107161,41.74743214,1.14185176
63,20.24,52.75,0.1172,0.9172,0.0262,,0.4203,0.0567,,26.76,101.2875,pyroxene6_6 ,HM,MRWY14,1.13,1.97,0.01,0.04,0,0,0.02,0,0,0.84,0,0.574148894,56.92707384,42.22329365,0.849632509
64,20.37,53.21,0.0529,0.9447,0,,0.7137,0.0272,,26.69,102.0084,pyroxene6_7 ,HM,MRWY14,1.13,1.98,0,0.04,0,0,0.03,0,0,0.83,0,0.576353217,56.81078958,41.75860827,1.430602144
65,20.33,52.91,0.0332,1.0083,0.0169,,0.4229,0.0394,,26.88,101.6406,pyroxene6_8 ,HM,MRWY14,1.13,1.97,0,0.04,0,0,0.02,0,0,0.84,0,0.574139726,56.92533499,42.22358717,0.851077835
66,20.21,53.02,0.1424,0.836,0.0114,,0.922,0.101,,26.61,101.8527,pyroxene6_9 ,HM,MRWY14,1.12,1.97,0.01,0.04,0,0,0.04,0,0,0.83,0,0.575160292,56.45141625,41.69759905,1.850984696
67,20.39,53.23,0.1441,0.9269,0.0076,,0.6408,0.0366,,26.77,102.146,pyroxene6_10 ,HM,MRWY14,1.13,1.97,0.01,0.04,0,0,0.03,0,0,0.83,0,0.575861984,56.84677549,41.86919652,1.284027991
68,20.06,52.89,0.0694,1.064,0.0244,,0.6002,0.0516,,26.77,101.5295,pyroxene6_11 ,HM,MRWY14,1.12,1.97,0.01,0.05,0,0,0.02,0,0,0.84,0,0.571871837,56.49245125,42.29270937,1.214839377
69,20.23,52.79,0.0242,1.2217,0.0212,,0.6005,0.0688,,26.86,101.8163,pyroxene6_12 ,HM,MRWY14,1.12,1.97,0,0.05,0,0,0.02,0,0,0.84,0,0.573115759,56.61928721,42.17277406,1.207938727
70,20.43,52.83,0.0182,1.168,0.0232,,0.5944,0.3132,,26.68,102.0569,pyroxene7_1 ,HM,MRWY14,1.13,1.96,0,0.05,0,0,0.02,0.01,0,0.83,0,0.577162661,57.02799402,41.77949632,1.192509666
71,20.63,53.1,0.0142,0.9495,0.0189,,0.4419,0.058,,26.43,101.6424,pyroxene7_2 ,HM,MRWY14,1.14,1.97,0,0.04,0,0,0.02,0,0,0.82,0,0.581830662,57.66652077,41.44568585,0.887793379
72,20.39,52.82,0.0534,1.1177,0,,0.463,0.0658,,26.59,101.4998,pyroxene7_3 ,HM,MRWY14,1.13,1.97,0,0.05,0,0,0.02,0,0,0.83,0,0.577508971,57.21167145,41.85461905,0.933709504
73,20.3,52.79,0.0123,1.0795,0.0206,,0.3646,0.0607,,26.78,101.4076,pyroxene7_4 ,HM,MRWY14,1.13,1.97,0,0.05,0,0,0.01,0,0,0.84,0,0.574689872,57.04579162,42.21781883,0.736389549
74,20.59,53.03,0.0471,1.3061,0.0173,,0.3741,0.0736,,26.48,101.9181,pyroxene7_5 ,HM,MRWY14,1.14,1.97,0,0.06,0,0,0.01,0,0,0.82,0,0.580898321,57.65249832,41.59464403,0.752857657
75,20.56,52.08,0.0322,1.0741,0.0191,,0.3664,0.0516,,26.35,100.5333,pyroxene7_6 ,HM,MRWY14,1.15,1.96,0,0.05,0,0,0.01,0,0,0.83,0,0.581741261,57.74386566,41.51652637,0.739607978
76,18.24,55.21,0.1995,0.1855,0.0232,,24.78,0.8319,,2.43,101.9,mrwy54_pyroxene1 ,HM,MRWY54,0.97,1.97,0.01,0.01,0,0,0.95,0.02,0,0.07,0,0.930459686,48.75278816,3.643665861,47.60354598
77,3.54,0.0499,0.0408,0.6841,0.801,,0.0196,1.91,,89.83,96.8755,mrwy12_oxide_1 ,HM,MRWY12,0.37,0,0.01,0.06,0.04,0,0,0.1,0,5.27,0,0.065635747,6.561860791,93.41202702,0.026112184
78,3.58,0.0522,0.0137,0.4809,0.7854,,0.0175,0.6468,,91.28,96.8566,mrwy12_oxide_2 ,HM,MRWY12,0.38,0,0,0.04,0.04,0,0,0.03,0,5.42,0,0.065343414,6.532841617,93.44420638,0.022952
79,3.94,0,0.0264,0.4898,0.8303,,0.0131,3.54,,87.7,96.5396,mrwy12_oxide_3 ,HM,MRWY12,0.41,0,0,0.04,0.05,0,0,0.18,0,5.09,0,0.074145014,7.413187925,92.56909698,0.017715094
80,4.58,0.0454,0.0114,0.3716,0.8576,,0,3.39,,88.33,97.5861,mrwy12_oxide_4 ,HM,MRWY12,0.47,0,0,0.03,0.05,0,0,0.17,0,5.06,0,0.084607159,8.460715918,91.53928408,0
81,4.31,0.0273,0.0119,0.3572,0.8878,,0.0044,4.01,,87.54,97.1487,mrwy12_oxide_5 ,HM,MRWY12,0.44,0,0,0.03,0.05,0,0,0.21,0,5.02,0,0.080682374,8.0677598,91.92632061,0.005919592
82,4.92,0.0297,0.025,0.2993,0.9688,,0,7.76,,82.96,96.9629,mrwy12_oxide_6 ,HM,MRWY12,0.49,0,0,0.02,0.05,0,0,0.39,0,4.62,0,0.095608237,9.560823734,90.43917627,0
83,4.66,0.0219,0.0571,0.2734,0.8644,,0.0039,6.37,,84.03,96.2808,mrwy12_oxide_7 ,HM,MRWY12,0.47,0,0.01,0.02,0.05,0,0,0.33,0,4.77,0,0.089960932,8.995606391,90.99898267,0.005410937
84,4.66,0.0528,0.7432,0.2856,1.0702,,0.0214,2.49,,87.41,96.7333,mrwy12_oxide_8 ,HM,MRWY12,0.48,0,0.1,0.02,0.06,0,0,0.13,0,5.08,0,0.086784182,8.675933105,91.29543122,0.028635675
85,4.26,0.0474,0.0355,0.3241,0.942,,0.0032,1.1947,,90.01,96.817,mrwy12_oxide_9 ,HM,MRWY12,0.45,0,0,0.03,0.05,0,0,0.06,0,5.3,0,0.077801109,7.77978411,92.21601568,0.004200213
86,4.1,0.0443,0.0431,0.3619,0.8672,,0.0152,4.09,,87.45,96.9717,mrwy12_oxide_10 ,HM,MRWY12,0.42,0,0.01,0.03,0.05,0,0,0.21,0,5.03,0,0.077127311,7.711146399,92.2683069,0.020546699
87,4.17,0.0285,0,0.4644,0.8204,,0,1.561,,89.81,96.8543,mrwy12_oxide_11 ,HM,MRWY12,0.44,0,0,0.04,0.05,0,0,0.08,0,5.27,0,0.076439699,7.643969916,92.35603008,0
88,3.94,0.0149,0.0073,0.5027,0.8173,,0.0203,0.8054,,90.97,97.0779,mrwy12_oxide_12 ,HM,MRWY12,0.41,0,0,0.04,0.05,0,0,0.04,0,5.37,0,0.071670821,7.165180487,92.80828627,0.026533243
89,3.79,0.0456,0.016,0.7138,0.8556,,0.0202,1.95,,88.97,96.3613,mrwy12_oxide_16 ,HM,MRWY12,0.4,0,0,0.06,0.05,0,0,0.1,0,5.23,0,0.070575217,7.055614208,92.91735801,0.027027779
90,3.86,0.0483,0.0104,0.5002,0.8576,,0.0079,3.02,,88.14,96.4445,mrwy12_oxide_17 ,HM,MRWY12,0.4,0,0,0.04,0.05,0,0,0.16,0,5.14,0,0.072412184,7.240447203,92.74890233,0.010650465
91,4.83,0.0273,0.0474,0.3356,0.8795,,0.0121,3.84,,87.36,97.3319,mrwy12_oxide_18 ,HM,MRWY12,0.49,0,0.01,0.03,0.05,0,0,0.2,0,4.99,0,0.089712966,8.969847708,91.01400177,0.016150527
92,4.59,0.0167,0.1058,0.3942,0.8483,,0.0168,4.77,,86.46,97.2019,mrwy12_oxide_19 ,HM,MRWY12,0.47,0,0.01,0.03,0.05,0,0,0.24,0,4.92,0,0.086451297,8.643164068,91.33409895,0.022736977
93,4.04,0.0296,0.045,0.416,0.8142,,0,3.08,,88.12,96.5449,mrwy12_oxide_20 ,HM,MRWY12,0.42,0,0.01,0.03,0.04,0,0,0.16,0,5.13,0,0.075549709,7.554970872,92.44502913,0
94,4.85,0.0324,0.1128,0.3612,0.873,,0.0135,7,,83.24,96.4829,mrwy12_oxide_21 ,HM,MRWY12,0.49,0,0.01,0.03,0.05,0,0,0.35,0,4.68,0,0.094088745,9.407103797,90.57407656,0.018819641
95,3.59,0.0159,0.045,0.6292,0.8098,,0.0142,1.248,,90.4,96.7522,mrwy12_oxide_22 ,HM,MRWY12,0.38,0,0.01,0.05,0.05,0,0,0.07,0,5.34,0,0.066109565,6.609714263,93.37149517,0.01879057
96,3.66,0.0132,0.0609,0.6723,0.8072,,0.0218,1.83,,89.44,96.5055,mrwy12_oxide_23 ,HM,MRWY12,0.38,0,0.01,0.06,0.04,0,0,0.1,0,5.26,0,0.067985211,6.796543073,93.17436136,0.029095569
97,3.64,0.0157,0.0636,0.5701,0.8378,,0.0022,2.13,,88.93,96.1895,mrwy12_oxide_24 ,HM,MRWY12,0.38,0,0.01,0.05,0.05,0,0,0.11,0,5.24,0,0.068000357,6.79983482,93.19721137,0.002953813
98,3.62,0.0263,0.0785,0.518,0.8122,,0.0076,1.5798,,89.96,96.6025,mrwy12_oxide_25 ,HM,MRWY12,0.38,0,0.01,0.04,0.05,0,0,0.08,0,5.31,0,0.066929264,6.692250503,93.29765138,0.010098121
99,3.74,0.0445,0.0327,0.4811,0.8346,,0.0071,2.02,,89.63,96.79,mrwy12_oxide_26 ,HM,MRWY12,0.39,0,0,0.04,0.05,0,0,0.11,0,5.26,0,0.069231277,6.922473774,93.06808102,0.009445206
100,13,0.0107,0.028,0.0503,0.0482,,0.0806,53.46,,33.13,99.8079,mrwy12_oxide_line Line 001 ,HM,MRWY12,0.91,0,0,0,0,0,0,1.89,0,1.3,0,0.411578569,41.08251007,58.73442209,0.183067832
101,14.45,0.0161,0.0286,0.0562,0.0669,,0.0496,51.95,,32.83,99.4475,mrwy12_oxide_line Line 002 ,HM,MRWY12,1.01,0,0,0,0,0,0,1.84,0,1.29,0,0.439645245,43.91689112,55.9747639,0.108344981
102,11.81,0,0.0441,0.0596,0.0541,,0.0392,51.33,,35.84,99.1771,mrwy12_oxide_line Line 003 ,HM,MRWY12,0.84,0,0,0,0,0,0,1.85,0,1.44,0,0.370033856,36.97074939,62.9410528,0.08819781
103,9.59,0.0155,0.1049,0.0907,0.046,,0.0237,50.96,,38.01,98.8409,mrwy12_oxide_line Line 004 ,HM,MRWY12,0.7,0,0.01,0.01,0,0,0,1.87,0,1.55,0,0.31022192,31.0051076,68.93982097,0.055071431
104,11.69,0.0027,0.0312,0.054,0.0624,,0.0204,52.87,,34.23,98.9607,mrwy12_oxide_line Line 005 ,HM,MRWY12,0.83,0,0,0,0,0,0,1.9,0,1.37,0,0.378405332,37.82258221,62.12997937,0.047438419
105,6.92,0.0206,0.011,0.0818,0.0621,,0.0376,54.56,,37.51,99.2031,mrwy12_oxide_line Line 006 ,HM,MRWY12,0.5,0,0,0,0,0,0,1.98,0,1.52,0,0.247471134,24.72322016,75.18023031,0.09654953
106,4.43,0.0286,0.0687,0.4698,0.2826,,0.0408,7.16,,84.11,96.5906,mrwy12_oxide_line Line 007 ,HM,MRWY12,0.44,0,0.01,0.04,0.02,0,0,0.36,0,4.74,0,0.085827525,8.57787915,91.36534028,0.056780569
107,4.54,0.0411,0.0907,0.4599,0.3347,,0.0242,7.12,,83.9,96.5107,mrwy12_oxide_line Line 008 ,HM,MRWY12,0.46,0,0.01,0.04,0.02,0,0,0.36,0,4.73,0,0.087971991,8.794235205,91.17207325,0.033691548
108,4.21,0.0344,0.0719,0.5712,0.3748,,0.0284,12.79,,78.33,96.4108,mrwy12_oxide_line Line 009 ,HM,MRWY12,0.41,0,0.01,0.04,0.02,0,0,0.62,0,4.24,0,0.087430373,8.73933275,91.21829535,0.042371896
109,4.23,0.0475,0.0393,0.6956,0.3865,,0.0233,11.57,,78.89,95.8823,mrwy12_oxide_line Line 010 ,HM,MRWY12,0.41,0,0,0.05,0.02,0,0,0.57,0,4.32,0,0.087240313,8.721019261,91.24445475,0.034525993
110,5.58,0.0345,0.0497,0.0821,0.0402,,0.137,54.69,,36.92,97.5335,mrwy12_oxide_line Line 011 Line 001 ,HM,MRWY12,0.41,0,0,0,0,0,0.01,2.02,0,1.52,0,0.212232897,21.14410306,78.48278511,0.373111825
111,9.14,0.0364,0.1079,0.0711,0.0356,,0.0794,53.52,,35.8,98.7905,mrwy12_oxide_line Line 011 Line 002 ,HM,MRWY12,0.66,0,0.01,0,0,0,0,1.94,0,1.44,0,0.31276136,31.21517997,68.58992376,0.19489627
112,8.71,0.0247,0.0424,0.0779,0.0709,,0.052,52.23,,37.74,98.948,mrwy12_oxide_line Line 011 Line 003 ,HM,MRWY12,0.63,0,0,0,0,0,0,1.91,0,1.53,0,0.291480935,29.11168306,70.76340157,0.124915371
113,11.71,0.0128,0.0295,0.0661,0.0625,,0.0253,52.05,,34.96,98.9163,mrwy12_oxide_line Line 011 Line 004 ,HM,MRWY12,0.84,0,0,0,0,0,0,1.88,0,1.4,0,0.373854757,37.36378462,62.57819537,0.058020019
114,11,0.0131,0.0282,0.0606,0.0603,,0.0223,51.36,,37.09,99.6346,mrwy12_oxide_line Line 011 Line 005 ,HM,MRWY12,0.79,0,0,0,0,0,0,1.86,0,1.49,0,0.345833211,34.56590346,65.38373216,0.050364377
115,9.72,0,0.0268,0.0703,0.0558,,0.0223,51.6,,37.59,99.0853,mrwy12_oxide_line Line 011 Line 006 ,HM,MRWY12,0.7,0,0,0,0,0,0,1.88,0,1.52,0,0.315505163,31.53411079,68.4138917,0.051997512
116,9.89,0.0004,0.0298,0.0642,0.0655,,0.0201,53.12,,36.12,99.3101,mrwy12_oxide_line Line 011 Line 007 ,HM,MRWY12,0.71,0,0,0,0,0,0,1.92,0,1.45,0,0.327993064,32.7835997,67.16851306,0.047887237
117,8.61,0.0137,0.0281,0.0631,0.0464,,0.0136,55.11,,35.77,99.655,mrwy12_oxide_line Line 011 Line 008 ,HM,MRWY12,0.61,0,0,0,0,0,0,1.98,0,1.43,0,0.300243448,30.01411427,69.95181161,0.034074121
118,7.04,0.0394,0.0563,0.364,0.2137,,0.0905,45.95,,43.9,97.654,mrwy12_oxide_line Line 011 Line 009 ,HM,MRWY12,0.54,0,0.01,0.02,0.01,0,0,1.77,0,1.88,0,0.222309207,22.18535241,77.60967036,0.204977235
119,5.04,0.034,0.0628,0.483,0.3257,,0.0128,8.65,,81.79,96.3984,mrwy12_oxide_line Line 011 Line 010 ,HM,MRWY12,0.5,0,0.01,0.04,0.02,0,0,0.43,0,4.54,0,0.098971717,9.895384058,90.08655354,0.0180624
120,4.86,0.0478,0.1175,0.6288,0.3786,,0.0122,10.2,,80.4,96.645,mrwy12_oxide_line Line 011 Line 011 ,HM,MRWY12,0.47,0,0.01,0.05,0.02,0,0,0.5,0,4.4,0,0.09727031,9.725324262,90.25712922,0.017546521
121,4.48,0.0536,0.2026,0.8012,0.43,,0.0305,14.15,,75.94,96.088,mrwy12_oxide_line Line 011 Line 012 ,HM,MRWY12,0.43,0,0.03,0.06,0.02,0,0,0.68,0,4.06,0,0.095153484,9.510920134,90.44254186,0.046538002
122,4.97,0.0224,0.0414,0.6484,0.4306,,0.0079,9.83,,79.98,95.9308,mrwy12_oxide_line Line 011 Line 013 ,HM,MRWY12,0.49,0,0.01,0.05,0.02,0,0,0.49,0,4.42,0,0.09972262,9.971126042,90.01748253,0.011391431
123,4.79,0.0262,0.1063,0.7592,0.4293,,0.0196,10.93,,79.37,96.4307,mrwy12_oxide_line Line 011 Line 014 ,HM,MRWY12,0.47,0,0.01,0.06,0.02,0,0,0.54,0,4.33,0,0.097128651,9.710091469,90.26135188,0.02855665
124,4.97,0.0344,0.0365,0.5713,0.4272,,0.0192,10.15,,80.35,96.5587,mrwy12_oxide_line Line 011 Line 015 ,HM,MRWY12,0.49,0,0,0.04,0.02,0,0,0.5,0,4.41,0,0.099309016,9.928163993,90.04426979,0.027566216
125,4.57,0.0482,0.0465,0.8425,0.448,,0.0148,11.61,,78.1,95.6801,mrwy12_oxide_line Line 011 Line 016 ,HM,MRWY12,0.45,0,0.01,0.06,0.02,0,0,0.57,0,4.27,0,0.094453544,9.443278247,90.53474155,0.021980202
126,4.95,0.0009,0.0678,0.5321,0.4343,,0.0246,10.37,,80.11,96.4898,mrwy12_oxide_line Line 011 Line 017 ,HM,MRWY12,0.48,0,0.01,0.04,0.02,0,0,0.51,0,4.39,0,0.099215953,9.918080467,90.04649363,0.035425902
127,4.68,0.0307,0.0654,0.3904,0.4402,,0.0312,11.69,,78.93,96.258,mrwy12_oxide_line Line 011 Line 018 ,HM,MRWY12,0.46,0,0.01,0.03,0.02,0,0,0.57,0,4.31,0,0.095589801,9.554603869,90.39961518,0.045780951
128,4.83,0.0269,0.0455,0.5449,0.4428,,0.0155,10.48,,80.18,96.5657,mrwy12_oxide_line Line 011 Line 019 ,HM,MRWY12,0.47,0,0.01,0.04,0.02,0,0,0.52,0,4.39,0,0.096967624,9.694594171,90.28304553,0.022360298
129,4.68,0.0555,0.0742,0.5293,0.4369,,0.0233,11.9,,78.46,96.1593,mrwy12_oxide_line Line 011 Line 020 ,HM,MRWY12,0.45,0,0.01,0.04,0.02,0,0,0.58,0,4.27,0,0.096107381,9.607434135,90.35818785,0.03437802
1,27.618,52.738,0.023,4.638,0,0.407,0.282,0.018,0.062,13.978,99.764,mrwy08b_opx1_1 ,HM,MRWY08,1.48,1.89,0,0.2,0,0.01,0.01,0,0,0.42,0,0.778858988,77.44324657,21.9884192,0.568334228
2,27.648,53.029,0.013,4.617,0.008,0.392,0.299,0.017,0.033,13.865,99.921,mrwy08b_opx1_2 ,HM,MRWY08,1.47,1.9,0,0.19,0,0.01,0.01,0,0,0.41,0,0.780439962,77.57342715,21.82361934,0.602953506
3,27.751,53.219,0.017,4.688,0.007,0.392,0.287,0.013,0.029,14.007,100.41,mrwy08b_opx1_3 ,HM,MRWY08,1.47,1.89,0,0.2,0,0.01,0.01,0,0,0.42,0,0.779329114,77.48406278,21.93999486,0.575942361
4,27.587,53.037,0.001,4.555,0.018,0.41,0.301,0.014,0.038,14.029,99.99,mrwy08b_opx1_4 ,HM,MRWY08,1.47,1.9,0,0.19,0,0.01,0.01,0,0,0.42,0,0.778037179,77.33188914,22.06167619,0.606434665
5,27.339,52.545,0.095,4.56,0.004,0.4,0.311,0.016,0.044,13.9,99.214,mrwy08b_px2_1 ,HM,MRWY08,1.47,1.9,0.01,0.19,0,0.01,0.01,0,0,0.42,0,0.778072991,77.31545458,22.05241389,0.632131535
6,26.961,52.293,0.023,4.645,0.006,0.396,1.001,0.009,0.072,13.909,99.315,mrwy08b_px2_2 ,HM,MRWY08,1.45,1.89,0,0.2,0,0.01,0.04,0,0,0.42,0,0.775546894,75.98222249,21.99021873,2.027558773
7,27.469,52.99,0.019,4.5,0.024,0.388,0.287,0.024,0.024,13.986,99.711,mrwy08b_px2_3 ,HM,MRWY08,1.47,1.9,0,0.19,0,0.01,0.01,0,0,0.42,0,0.777826978,77.33100922,22.08828506,0.58070572
8,27.491,52.67,0.018,4.845,0.021,0.407,0.296,0.03,0.043,14.098,99.919,mrwy08b_px2_4 ,HM,MRWY08,1.47,1.89,0,0.2,0,0.01,0.01,0,0,0.42,0,0.776584487,77.19453222,22.20808721,0.597380568
9,27.317,52.654,0.02,4.808,0.009,0.393,0.305,0.025,0.063,14.131,99.725,mrwy08b_px2_5 ,HM,MRWY08,1.46,1.89,0,0.2,0,0.01,0.01,0,0,0.42,0,0.775073579,77.02826115,22.35360816,0.618130694
10,27.327,52.493,0.007,4.795,0.015,0.379,0.303,0.026,0.049,14.105,99.499,mrwy08b_px2_6 ,HM,MRWY08,1.47,1.89,0,0.2,0,0.01,0.01,0,0,0.42,0,0.775458211,77.06954886,22.31626945,0.614181693
11,14.909,0.01,0.018,60.867,0.326,0.264,0.012,0.005,0.469,19.346,96.226,mrwy08b_ox1_1 ,HM,MRWY08,0.91,0,0,2.93,0.01,0.01,0,0,0.02,0.66,0,0.578721143,57.85274607,42.11378667,0.033467255
12,14.999,0.017,0.02,60.71,0.321,0.248,0.003,0.009,0.465,19.4,96.192,mrwy08b_ox1_2 ,HM,MRWY08,0.91,0,0,2.92,0.01,0.01,0,0,0.02,0.66,0,0.579508691,57.94604176,42.04562822,0.008330021
13,19.919,43.183,0.074,4.063,0.01,0.307,0.589,0.139,0.024,12.463,80.771,mrwy08b_px3_1 ,HM,MRWY08,1.32,1.92,0.01,0.21,0,0.01,0.03,0,0,0.46,0,0.740189973,72.87264306,25.57862712,1.548729829
14,27.518,52.598,0.009,4.621,0.002,0.346,0.309,0.033,0.045,13.926,99.407,mrwy08b_px3_2 ,HM,MRWY08,1.48,1.89,0,0.2,0,0.01,0.01,0,0,0.42,0,0.778876154,77.4010734,21.9742547,0.624671907
15,27.652,53.032,0.01,4.299,0.014,0.372,0.416,0.019,0.058,13.648,99.52,mrwy08b_px3_3 ,HM,MRWY08,1.48,1.9,0,0.18,0,0.01,0.02,0,0,0.41,0,0.783155616,77.65795801,21.50235751,0.839684483
16,25.852,50.805,0.019,4.645,0.015,0.346,0.75,0.039,0.039,13.63,96.14,mrwy08b_px3_4 ,HM,MRWY08,1.44,1.89,0,0.2,0,0.01,0.03,0,0,0.42,0,0.771739776,75.95178579,22.46453038,1.583683836
17,27.278,52.421,0.011,5.096,0,0.367,0.54,0.046,0.058,14.074,99.891,mrwy08b_px3_5 ,HM,MRWY08,1.46,1.88,0,0.22,0,0.01,0.02,0,0,0.42,0,0.775528812,76.70648323,22.20213503,1.091381745
18,27.446,52.632,0.005,4.984,0.004,0.369,0.294,0.03,0.022,14.023,99.809,mrwy08b_px3_6 ,HM,MRWY08,1.47,1.89,0,0.21,0,0.01,0.01,0,0,0.42,0,0.777225068,77.26019574,22.14498167,0.59482259
19,27.457,52.531,0.011,4.813,0.005,0.366,0.266,0.023,0.056,13.97,99.498,mrwy08b_px3_7 ,HM,MRWY08,1.47,1.89,0,0.2,0,0.01,0.01,0,0,0.42,0,0.777949254,77.37579579,22.08544209,0.538762128
20,23.715,48.081,0.062,4.727,0.028,0.359,0.545,0.061,0.036,13.254,90.868,mrwy08b_px3_8 ,HM,MRWY08,1.39,1.9,0,0.22,0,0.01,0.02,0,0,0.44,0,0.761306321,75.18520384,23.57294618,1.241849976
21,27.277,52.412,0.03,5.093,0.005,0.377,0.368,0.035,0.039,13.869,99.505,mrwy08b_px3_9 ,HM,MRWY08,1.46,1.88,0,0.22,0,0.01,0.01,0,0,0.42,0,0.778066482,77.22403038,22.02716751,0.748802106
22,26.746,51.475,0.009,5.151,0.018,0.388,0.859,0.051,0.036,13.804,98.537,mrwy08b_px3_10 ,HM,MRWY08,1.45,1.87,0,0.22,0,0.01,0.03,0,0,0.42,0,0.775472253,76.18350617,22.05792788,1.758565943
23,26.244,51.136,0.031,4.743,0.017,0.371,0.298,0.031,0.045,13.854,96.77,mrwy08b_px3_11 ,HM,MRWY08,1.45,1.89,0,0.21,0,0.01,0.01,0,0,0.43,0,0.77151927,76.66918261,22.70511121,0.625706183
24,27.234,52.197,0.008,4.985,0.014,0.34,0.461,0.043,0.068,13.895,99.245,mrwy08b_px3_12 ,HM,MRWY08,1.46,1.88,0,0.21,0,0.01,0.02,0,0,0.42,0,0.777470065,77.01850307,22.04447891,0.937018022
25,27.231,52.374,0,4.778,0,0.374,0.187,0.021,0.045,14.185,99.195,mrwy08b_px4_1 ,HM,MRWY08,1.47,1.89,0,0.2,0,0.01,0.01,0,0,0.43,0,0.773856612,77.09121447,22.52829287,0.380492659
26,27.002,52.579,0.007,4.647,0.011,0.368,0.2,0.026,0.043,14.434,99.317,mrwy08b_px4_2 ,HM,MRWY08,1.45,1.9,0,0.2,0,0.01,0.01,0,0,0.44,0,0.769301409,76.61636794,22.97576466,0.407867406
27,27.185,52.539,0.015,4.73,0.01,0.366,0.246,0.01,0.064,14.235,99.4,mrwy08b_px4_3 ,HM,MRWY08,1.46,1.89,0,0.2,0,0.01,0.01,0,0,0.43,0,0.772943666,76.90774411,22.59206104,0.500194856
28,27.049,52.495,0.01,4.152,0.018,0.367,0.15,0.019,0.038,14.017,98.315,mrwy08b_px4_4 ,HM,MRWY08,1.47,1.91,0,0.18,0,0.01,0.01,0,0,0.43,0,0.77476676,77.23816609,22.45398659,0.30784732
29,27.062,52.701,0.005,4.669,0.003,0.362,0.255,0.035,0.049,13.986,99.127,mrwy08b_px4_5 ,HM,MRWY08,1.45,1.9,0,0.2,0,0.01,0.01,0,0,0.42,0,0.775236618,77.11877087,22.35894869,0.522280448
30,27.288,52.61,0.014,4.487,0.021,0.369,0.177,0.014,0.054,14.174,99.208,mrwy08b_px4_6 ,HM,MRWY08,1.47,1.9,0,0.19,0,0.01,0.01,0,0,0.43,0,0.774357913,77.15725392,22.48304503,0.359701046
31,27.145,52.443,0.003,4.611,0,0.352,0.3,0.02,0.033,13.891,98.798,mrwy08b_px4_7 ,HM,MRWY08,1.46,1.9,0,0.2,0,0.01,0.01,0,0,0.42,0,0.776953131,77.21875872,22.16787824,0.613363041
32,27.655,53.208,0.001,3.83,0.004,0.346,0.143,0.006,0.07,13.772,99.035,mrwy08b_px4_8 ,HM,MRWY08,1.49,1.92,0,0.16,0,0.01,0.01,0,0,0.42,0,0.781634228,77.93702448,21.77332816,0.28964736
33,27.161,52.542,0.007,4.698,0.015,0.385,0.22,0.004,0.063,14.203,99.298,mrwy08b_px4_9 ,HM,MRWY08,1.46,1.89,0,0.2,0,0.01,0.01,0,0,0.43,0,0.773183536,76.97189205,22.5800105,0.448097443
134,20.2,51.95,0.0168,1.3438,0.03,0.5012,0.4255,0.0265,0.0192,25.81,100.323,mrwy14_opx1.1,HM,MRWY14,1.14,1.96,0,0.06,0,0.02,0.02,0,0,0.81,0,0.582481111,57.73894181,41.3869194,0.874138792
135,20.47,52.22,0.0225,0.9926,0.0244,0.4983,0.649,0.0469,0.006,25.51,100.4397,mrwy14_opx1.2,HM,MRWY14,1.15,1.97,0,0.04,0,0.02,0.03,0,0,0.8,0,0.588540767,58.07521981,40.60141077,1.32336942
136,20.4,52.23,0.0137,1.131,0.0153,0.5043,0.3746,0.0436,0.017,25.83,100.5595,mrwy14_opx1.3,HM,MRWY14,1.14,1.97,0,0.05,0,0.02,0.02,0,0,0.81,0,0.584687113,58.02098812,41.21326347,0.765748412
137,20.52,52.08,0.251,1.1528,0,0.4924,0.3297,0.0339,0.0211,25.48,100.3609,mrwy14_opx1.4,HM,MRWY14,1.15,1.96,0.02,0.05,0,0.02,0.01,0,0,0.8,0,0.589416216,58.54314474,40.78080184,0.676053424
138,20.23,52.05,0.0235,1.2799,0.0314,0.4777,0.499,0.0218,0.0325,25.86,100.5058,mrwy14_opx1.5,HM,MRWY14,1.14,1.96,0,0.06,0,0.02,0.02,0,0,0.82,0,0.582371349,57.64201135,41.33609155,1.021897103
62,21.48,52.22,0.02,0.345,0.024,0.926,0.337,0.026,0.013,22.326,97.717,mrwy17_px3_1 ,HM,MRWY17,1.22,2,0,0.02,0,0.03,0.01,0,0,0.71,0,0.631676725,62.72092067,36.57183182,0.70724751
63,21.149,52.129,0.039,0.389,0.028,0.941,0.508,0.004,0.065,22.749,98.001,mrwy17_px3_2 ,HM,MRWY17,1.21,1.99,0,0.02,0,0.03,0.02,0,0,0.73,0,0.623661281,61.70179814,37.23299226,1.065209606
64,21.061,52.262,0.029,0.38,0.02,0.95,0.385,0.023,0.013,22.587,97.71,mrwy17_px3_3 ,HM,MRWY17,1.2,2,0,0.02,0,0.03,0.02,0,0,0.72,0,0.624359757,61.927972,37.25838858,0.813639413
65,21.446,52.453,0.018,0.351,0.019,0.911,0.306,0.015,0,22.759,98.278,mrwy17_px3_4 ,HM,MRWY17,1.22,2,0,0.02,0,0.03,0.01,0,0,0.72,0,0.626825922,62.28223318,37.07905834,0.638708476
66,21.52,52.355,0.012,0.317,0.023,0.937,0.281,0.006,0.004,22.677,98.132,mrwy17_px3_5 ,HM,MRWY17,1.22,1.99,0,0.01,0,0.03,0.01,0,0,0.72,0,0.628474493,62.47893977,36.93470463,0.586355607
67,21.448,52.347,0.005,0.34,0.02,0.919,0.304,0.017,0.025,22.726,98.151,mrwy17_px3_6 ,HM,MRWY17,1.22,1.99,0,0.02,0,0.03,0.01,0,0,0.72,0,0.627187082,62.32052917,37.04460596,0.634864866
68,21.446,52.423,0.009,0.361,0.014,0.89,0.339,0.025,0.008,22.57,98.085,mrwy17_px3_7 ,HM,MRWY17,1.22,2,0,0.02,0,0.03,0.01,0,0,0.72,0,0.628774488,62.43146891,36.85924682,0.70928427
